Team,Player,Pitch Type,Pitches,BBE,EV,EV 90,Max EV,HH%,LA,HH LA,SwSpot%,Barrel%,Barrels,BA,xBA,wOBA,xwOBA,GB%,FB%,LD%,Swing%,Z-Swing%,Z-Contact%,Chase%,Whiff%,SD+
UC San Diego,Colton Lomanto,All,320,48,90.2,105.7,108.7,41.7%,24.0°,21.7°,33.3,6.2%,3,0.328,0.254,0.49,0.398,20.8%,35.4%,31.2%,40.3%,68.2%,83.3%,20.7%,24.8%,113
UC San Diego,Michael Crossland,All,448,72,90.6,104.2,107.5,44.4%,12.2°,11.4°,43.1,8.3%,6,0.365,0.317,0.471,0.409,37.5%,29.2%,30.6%,37.7%,58.0%,86.3%,24.6%,23.7%,99
San Diego,Jack Gurevitch,All,881,150,94.3,111.0,117.2,50.7%,7.6°,9.0°,31.3,12.0%,18,0.335,0.329,0.448,0.435,47.3%,26.0%,25.3%,46.9%,78.3%,87.2%,25.1%,21.8%,115
San Diego State,CJ Moran,All,531,107,86.6,104.8,108.0,33.6%,2.8°,5.9°,29.0,0.9%,1,0.395,0.304,0.443,0.371,46.7%,19.6%,29.9%,42.4%,65.9%,91.5%,24.1%,14.2%,100
San Diego State,Nevan Noonan,All,691,143,89.0,101.5,105.1,37.8%,19.1°,14.2°,37.8,4.2%,6,0.351,0.304,0.438,0.393,32.2%,32.2%,28.7%,41.0%,60.9%,89.7%,25.3%,16.6%,96
San Diego,Isaiah Lane,All,838,125,87.3,101.5,103.9,34.4%,8.3°,11.4°,44.0,5.6%,7,0.333,0.295,0.437,0.395,40.8%,23.2%,33.6%,35.8%,56.2%,86.7%,20.3%,18.3%,96
San Diego State,Xavier Farnum,All,208,30,85.2,98.7,102.9,26.7%,13.0°,9.9°,40.0,0.0%,0,0.325,0.264,0.431,0.347,36.7%,16.7%,36.7%,36.1%,60.0%,90.7%,17.8%,18.7%,92
UC San Diego,Noah Lazuka,All,184,29,88.3,103.5,107.4,34.5%,0.4°,16.1°,27.6,3.4%,1,0.289,0.271,0.419,0.376,55.2%,20.7%,24.1%,39.7%,59.4%,87.8%,27.8%,23.3%,108
UC San Diego,Cooper Thacker,All,386,43,88.6,101.6,105.2,51.2%,17.2°,18.2°,44.2,7.0%,3,0.308,0.238,0.417,0.384,27.9%,30.2%,34.9%,37.3%,59.0%,86.3%,19.7%,18.8%,113
San Diego,Austin Smith,All,646,171,87.2,103.3,108.0,33.9%,15.0°,7.2°,37.4,1.2%,2,0.359,0.321,0.416,0.373,32.7%,29.8%,31.6%,46.3%,68.6%,92.9%,26.2%,11.4%,93
UC San Diego,Trevian Martinez,All,227,32,89.3,102.7,105.7,37.5%,15.8°,15.3°,40.6,3.1%,1,0.214,0.272,0.4,0.412,28.1%,34.4%,28.1%,30.0%,56.3%,89.8%,13.6%,19.1%,132
UC San Diego,J.C. Allen,All,383,51,94.6,108.8,109.6,58.8%,11.7°,18.1°,47.1,25.5%,13,0.26,0.288,0.4,0.461,35.3%,37.3%,21.6%,41.8%,63.9%,76.8%,26.8%,30.6%,93
UC San Diego,Emiliano Gonzalez,All,341,65,89.5,103.8,104.9,43.1%,4.2°,7.0°,30.8,3.1%,2,0.321,0.311,0.391,0.391,47.7%,18.5%,27.7%,41.1%,63.9%,92.9%,22.0%,15.7%,111
UC San Diego,Anthony Potestio,All,389,68,90.6,104.6,108.7,44.1%,12.3°,11.8°,30.9,11.8%,8,0.293,0.346,0.387,0.457,44.1%,27.9%,26.5%,35.2%,54.2%,93.8%,19.0%,13.1%,98
UC San Diego,Alex Leopard,All,393,64,89.7,105.6,108.6,42.2%,18.1°,22.4°,45.3,10.9%,7,0.261,0.26,0.386,0.389,23.4%,40.6%,29.7%,38.2%,57.3%,84.7%,23.4%,24.7%,94
UC San Diego,Patrick Hackworth,All,232,43,82.1,98.0,101.0,11.6%,7.6°,9.9°,34.9,0.0%,0,0.36,0.267,0.377,0.325,48.8%,16.3%,27.9%,41.8%,64.7%,93.9%,23.8%,17.5%,109
San Diego State,Finley Bates,All,743,130,86.5,99.6,102.5,26.2%,2.0°,7.7°,35.4,0.0%,0,0.3,0.297,0.37,0.375,49.2%,14.6%,31.5%,37.4%,63.5%,92.2%,15.2%,12.6%,121
San Diego,Rex Watson,All,714,119,87.1,105.8,109.8,37.0%,6.0°,15.4°,35.3,5.9%,7,0.29,0.281,0.368,0.357,42.9%,25.2%,29.4%,48.5%,70.1%,86.3%,32.7%,25.4%,83
San Diego,Jayden Lobliner,All,674,123,89.8,105.4,109.7,41.5%,11.3°,10.3°,31.7,4.9%,6,0.298,0.282,0.364,0.35,40.7%,28.5%,28.5%,47.5%,66.3%,83.9%,33.2%,25.6%,57
UC San Diego,Thomas Maher,All,237,25,83.2,93.2,95.9,4.0%,10.1°,18.3°,56.0,0.0%,0,0.263,0.242,0.358,0.35,32.0%,8.0%,56.0%,37.1%,52.7%,93.1%,23.6%,20.5%,99
San Diego,AJ Anzai,All,490,65,88.6,102.5,104.4,38.5%,3.1°,12.6°,29.2,3.1%,2,0.247,0.274,0.358,0.381,58.5%,21.5%,20.0%,27.6%,36.0%,95.8%,21.7%,16.3%,71
San Diego State,Jonathan Smith,All,594,105,84.2,100.8,107.4,30.5%,12.9°,15.9°,32.4,2.9%,3,0.307,0.242,0.356,0.309,40.0%,30.5%,25.7%,43.4%,68.4%,77.1%,21.9%,28.7%,91
San Diego State,Daniel Arambula,All,707,136,82.8,97.4,103.2,19.9%,13.9°,6.4°,30.9,0.0%,0,0.286,0.252,0.346,0.312,43.4%,27.9%,22.1%,41.2%,62.9%,87.7%,24.2%,21.3%,95
San Diego State,Jake Jackson,All,614,109,89.0,105.6,111.9,36.7%,14.7°,11.1°,32.1,6.4%,7,0.272,0.264,0.345,0.343,40.4%,30.3%,23.9%,49.3%,77.3%,83.2%,29.5%,29.4%,89
San Diego,Connor Meidroth,All,447,76,82.6,98.1,102.6,22.4%,11.0°,13.8°,31.6,1.3%,1,0.275,0.272,0.342,0.353,40.8%,30.3%,26.3%,36.7%,59.3%,87.5%,20.2%,16.5%,104
UC San Diego,Gabe Camacho,All,351,48,90.4,105.1,108.2,39.6%,14.5°,8.4°,29.2,0.0%,0,0.242,0.237,0.328,0.315,41.7%,35.4%,22.9%,39.0%,56.3%,85.4%,24.9%,20.4%,95
UC San Diego,Jayden Lee,All,37,9,86.5,95.6,98.4,33.3%,10.9°,-6.8°,11.1,0.0%,0,0.3,0.339,0.32,0.367,66.7%,22.2%,11.1%,32.4%,68.8%,100.0%,4.8%,8.3%,132
San Diego,Nico Libed,All,543,80,83.1,96.7,99.2,13.8%,1.0°,10.5°,33.8,0.0%,0,0.248,0.235,0.318,0.327,52.5%,12.5%,28.7%,31.5%,52.1%,90.3%,15.4%,16.4%,106
San Diego State,Evan Sipe,All,431,63,80.4,95.2,98.2,12.7%,6.7°,8.4°,31.7,0.0%,0,0.26,0.241,0.306,0.312,44.4%,14.3%,33.3%,38.7%,53.8%,92.0%,27.3%,16.8%,85
San Diego,Aden Howard,All,698,109,81.2,101.2,105.0,24.8%,7.5°,9.9°,25.7,1.8%,2,0.256,0.185,0.302,0.232,48.6%,26.6%,22.0%,49.0%,65.6%,83.5%,35.4%,28.4%,51
