player_id,player,team,season,height_in,class_year,bats,throws,hometown_city,hometown_state,high_school
34706,Morgan Shanaman,Mercyhurst,2026,,Jr.,RIGHT,RIGHT,Myerstown,PA,Eastern Lebanon CO High School
34755,Carter Kocik,Mercyhurst,2026,72,Jr.,RIGHT,RIGHT,West Salem,OH,Black River
34795,Shea Bailey,Mercyhurst,2026,,Fr.,RIGHT,RIGHT,Waverly,NY,Tioga Central School
34922,Peyton Weigand,Mercyhurst,2026,,Fr.,LEFT,LEFT,Mogadore,OH,Archbishop Hoban High School
35037,Ryan Gollon,Mercyhurst,2026,,Fr.,RIGHT,RIGHT,Swedesboro,NJ,Kingsway Regional High School
34885,Hutson Chance,Tennessee,2026,75,Fr.,LEFT,RIGHT,Brentwood,TN,Christ Presbyterian
34921,Ari Bethea,Tennessee,2026,73,Fr.,RIGHT,RIGHT,Collierville,TN,Collierville
34958,Nate Eisfelder,Tennessee,2026,74,Fr.,RIGHT,RIGHT,Johnson City,TN,IMG Academy
35046,DJ McDowell,Tennessee,2026,77,Fr.,RIGHT,RIGHT,Atlanta,GA,Lassiter
34954,Talan Holiday,North Carolina,2026,74,Fr.,LEFT,RIGHT,Pembroke Pines,FL,American Heritage School
34991,AJ Terry,North Carolina,2026,72,Fr.,RIGHT,RIGHT,Randolph,NJ,Randolph High School
35056,Andrew Wallen,North Carolina,2026,79,Fr.,RIGHT,RIGHT,Greenville,NC,Junius H Rose High School
35060,Matt McKnight,North Carolina,2026,75,Fr.,RIGHT,RIGHT,Charlotte,NC,Charlotte Catholic High School
35061,Justin Mabe,North Carolina,2026,75,Fr.,RIGHT,RIGHT,Lexington,NC,North Davidson High School
2291,JOSHUA JONES,McNeese,2026,69,Jr.,RIGHT,RIGHT,Fort Worth,TX,W E Boswell High School
34524,Cameron Williams,McNeese,2026,72,Jr.,LEFT,LEFT,Round Rock,TX,Hendrickson High School
34527,Ian Holm,McNeese,2026,73,Jr.,RIGHT,RIGHT,Youngsville,LA,Southside High School
35030,Myles Meyer,McNeese,2026,75,Sr.,RIGHT,RIGHT,Auburn,CA,
34987,Jaxon Grossman,Oklahoma,2026,82,Jr.,RIGHT,RIGHT,Haiku,HI,King Kekaulike HS
34989,Uriah Walters,Oklahoma,2026,74,Jr.,RIGHT,RIGHT,,,
20307,Cade Turner,Oklahoma State,2026,75,Fr.,RIGHT,RIGHT,Cabot,AR,Cabot HS
34879,Caden Sramek,Oklahoma State,2026,79,Fr.,RIGHT,RIGHT,Simi Valley,CA,Royal HS
34942,Josiah Golden,Oklahoma State,2026,72,Jr.,RIGHT,RIGHT,Higginsville,MO,Lafayette County HS
34996,Gaige Albright,Oklahoma State,2026,74,Fr.,BOTH,LEFT,Choctaw,OK,Choctaw HS
34721,Ray Jesse,Indiana State,2026,72,Jr.,RIGHT,RIGHT,Lockport,IL,Lockport Township High School
34800,Sebastian Torres,Indiana State,2026,70,So.,RIGHT,RIGHT,Kissimmee,FL,Remington Christian Academy
34892,Liam Kirsh,Indiana State,2026,71,Fr.,RIGHT,RIGHT,Toronto,Canada,Tanenbaum Chat
35021,Sander Lucas,Indiana State,2026,72,Fr.,RIGHT,RIGHT,Cecilia,KY,Central Hardin
34877,Darius Henderson,Kansas,2026,74,So.,LEFT,RIGHT,Raleigh,NC,Snow Canyon HS
34941,Maddox Burkitt,Kansas,2026,74,Jr.,RIGHT,RIGHT,Lawrence,KS,Lawrence Free State HS
34943,Savion Flowers,Kansas,2026,76,So.,LEFT,RIGHT,Chicago,IL,Kenwood Academy HS
34950,Jeremy Allen,Kansas,2026,72,Fr.,RIGHT,RIGHT,Arlington Heights,IL,John Hersey HS
34963,Trevor Booton,Auburn,2026,76,So.,,RIGHT,Lagrange,GA,LaGrange
34980,Wade Shelley,Auburn,2026,72,Fr.,RIGHT,RIGHT,Webb,AL,Headland High School
35004,Ty Thompson,Auburn,2026,73,Fr.,RIGHT,RIGHT,Columbia,MO,TNXL Academy
35039,Clayton Armah,Auburn,2026,76,Fr.,RIGHT,RIGHT,Great Falls,VA,St. John's College High School
35058,Ashton Yelder,West Georgia,2026,,Fr.,,,,,
8476,Ian Moore,West Georgia,2025,,Jr.,,,,,
11223,Mason Phillips,West Georgia,2025,,Jr.,,,,,
13951,Jacob Imoto,Arkansas,2026,75,So.,LEFT,LEFT,Vista,CA,Mission Hills HS
35006,Carson Willis,Arkansas,2026,71,Fr.,RIGHT,RIGHT,Hot Springs,AR,P27 Academy
35041,Colin Fisher,Arkansas,2026,75,Jr.,LEFT,LEFT,Noble,OK,Noble HS
34523,Ben McMillan,Charleston Southern,2026,74,Fr.,RIGHT,RIGHT,Charleston,SC,West Ashley HS
34810,Mason Tibbs,Charleston Southern,2026,77,Jr.,RIGHT,RIGHT,Brownsburg,IN,Brownsburg High School
34962,Jackson Militello,Charleston Southern,2026,73,Jr.,RIGHT,RIGHT,Howell,MI,Howell
34556,Michael Cureton,Radford,2026,73,Fr.,BOTH,RIGHT,Upper Marlboro,MD,Homeschool
34880,Jeff Meade,Radford,2026,71,Fr.,,,Bay Village,OH,Bay High School
34935,Zack Zelazny,Radford,2026,72,Fr.,,,Ashland,VA,Patrick Henry High School
34664,Brandon Candelora,Central Connecticut,2026,,Fr.,LEFT,LEFT,Meriden,CT,Orville H Platt High School
34770,Casey Proctor,Central Connecticut,2026,,Jr.,LEFT,LEFT,Virginia Beach,VA,First Colonial High School
35049,Andrew Nocera,Central Connecticut,2026,,Fr.,RIGHT,RIGHT,Cumberland,RI,Cumberland High School
34966,Jay Fuller,UAB,2026,72,Fr.,LEFT,LEFT,Adger,AL,Oak Grove High School
35002,Drake Douglas,UAB,2026,75,Jr.,LEFT,RIGHT,Saltillo,MS,Saltillo High School
34814,Matthew Roncalli,UAB,2025,72,Jr.,RIGHT,RIGHT,Saltillo,MS,Saltillo
34817,Owen Anchors,Clemson,2025,74,Fr.,LEFT,LEFT,Dunwoody,GA,Dunwoody HS
34823,Spencer MacInnis,Richmond,2025,,Fr.,BOTH,RIGHT,Toronto,Canada,Upper Canada College
34866,Kade Thompson,Texas State,2026,70,So.,RIGHT,RIGHT,Gilbert,AZ,Casteel HS
34867,Luke Saunders,Texas State,2026,72,So.,RIGHT,RIGHT,Aledo,TX,Aledo HS
34974,Victor Coronado,Texas State,2026,74,Fr.,RIGHT,RIGHT,Rosharon,TX,Lutheran South Academy
34946,Josh Pena,Texas Southern,2026,,Jr.,,,Channelview,TX,North Shore High School
34960,Tanner Marek,Texas Southern,2026,,So.,,,,,
34961,Quinton Jefferson,Texas Southern,2026,,Fr.,,,Spring,TX,Klein Collins High School
35027,Wells Twining,UMBC,2026,78,Fr.,,,Bethesda,MD,Walt Whitman High School
35029,Anthony Blackford,UMBC,2026,74,Fr.,,,Woodcliff Lake,NJ,Pascack Hills High School
35031,Grant Teschendorf,UMBC,2026,75,Jr.,RIGHT,RIGHT,Harrison Township,MI,Jackson CC
34998,Ty Corey,St. Bonaventure,2026,74,Fr.,LEFT,LEFT,Pennellville,NY,John C Birdlebough High School
34900,Marek Bolson,Kent State,2026,74,Fr.,LEFT,RIGHT,Oconomowoc,WI,Oconomowoc High School
34802,Michael Clemente,Wofford,2026,79,Fr.,RIGHT,RIGHT,Waxhaw,NC,Cuthbertson High School
14128,Sebastion Edwards,Central Arkansas,2026,74,Jr.,RIGHT,RIGHT,Lincoln,CA,Lincoln
34915,Andrew Zottar,Central Arkansas,2026,70,Fr.,LEFT,LEFT,Morganville,NJ,Saint John Vianney High Sch
14634,Aidan Lenzen,Florida International,2026,75,Sr.,RIGHT,RIGHT,Winter Garden,FL,Bishop Moore Catholic
35008,Taggert Cameron,Florida International,2026,76,Fr.,RIGHT,RIGHT,Vero Beach,FL,John Carroll High School
17615,Jonny Gilligan,Saint Peter's,2026,70,Jr.,RIGHT,RIGHT,Wayne,NJ,Passaic County Technical Institute
34716,Jace Gilligan,Saint Peter's,2026,70,Jr.,RIGHT,RIGHT,Wayne,NJ,Passaic County Technical Institute
34977,Kaden Cloward,Nicholls,2026,75,Sr.,RIGHT,RIGHT,Salem,UT,Spanish Fork
34916,Toby Peterson,Kentucky,2026,,Fr.,,,Palatine,IL,Palatine High School
34543,Rex Smith,VCU,2026,73,Jr.,LEFT,RIGHT,Sarasota,FL,Sarasota High School
34874,Graham Hylton,VCU,2026,73,Jr.,RIGHT,LEFT,Mustang,OK,Mustang High School
34551,Casey Leavitt-McGee,CSU Bakersfield,2026,,Jr.,LEFT,LEFT,San Francisco,CA,
35003,Davis Goodwin,CSU Bakersfield,2026,73,Fr.,RIGHT,RIGHT,Bakersfield,CA,Liberty HS
34972,Kelvin Battles II,Prairie View,2026,72,Jr.,RIGHT,RIGHT,Alexander,AR,Sylvan Hills High School
34588,Caden Marcum,Ohio State,2026,78,Jr.,RIGHT,RIGHT,Paola,KS,Paola High School
34982,Haven Fielder,Ohio State,2026,74,Fr.,RIGHT,RIGHT,Windermere,FL,Grade Power Learning: Ocoee
34644,Will Hill,Texas,2026,70,Fr.,RIGHT,RIGHT,Humble,TX,Summer Creek
35047,Grady Westphal,Texas,2026,74,Fr.,RIGHT,RIGHT,Leawood,KS,Blue Valley High School
34774,Jake Lodgek,Miami,2026,73,Fr.,RIGHT,RIGHT,Linwood,NJ,Mainland Regional High School
34775,Lonzo Drummond,Miami,2026,74,Fr.,BOTH,LEFT,Winter Garden,FL,Florida Virtual School (aka Flvs Flex)
34924,Carter Boos,Omaha,2026,71,So.,RIGHT,RIGHT,Duluth,MN,
34858,Noah Bourgeois,Southeast Missouri,2026,73,Jr.,RIGHT,RIGHT,Surrey,Canada,
35005,Jack Gallo,Southeast Missouri,2026,73,Fr.,RIGHT,RIGHT,Laguna Beach,CA,Capistrano Valley Chrstn Sch
34864,Austin Matranga,Grand Canyon,2026,67,Jr.,LEFT,RIGHT,Surprise,AZ,Shadow Ridge
35044,Andrew Cohen,Grand Canyon,2026,75,Fr.,RIGHT,RIGHT,Studio City,CA,Loyola
34878,Josh Toole,Coastal Carolina,2026,72,Fr.,RIGHT,RIGHT,Mount Joy,PA,Hempfield High School
34956,Dalton Bisbano,Coastal Carolina,2026,73,Fr.,LEFT,LEFT,Summerville,SC,The South Carolina Preparatory Academy
34881,David An,UT Arlington,2026,,Fr.,,LEFT,Mcallen,TX,Robert Vela High School
35052,Brayden Simmons,UT Arlington,2026,74,Jr.,LEFT,RIGHT,Keller,TX,
34891,Patrick Mazur,Marshall,2026,74,So.,RIGHT,LEFT,Indianapolis,IN,
34923,Cam Harthan,Marshall,2026,72,Sr.,LEFT,LEFT,Cumberland,RI,Cumberland High School
34899,Richard De Jesus,UMES,2026,71,Fr.,RIGHT,RIGHT,Santa Isabel,PR,Bernardino Cordero Bernard
35023,Fernando Ferrer Jr.,UMES,2026,75,Fr.,RIGHT,RIGHT,Kissimmee,FL,Tohopekaliga High School
34926,Carter Krawchuk,USF,2026,73,Jr.,RIGHT,RIGHT,,,
34914,Cam Ringler,Arkansas-Pine Bluff,2026,,Sr.,,,,,
34953,Taiowa Costello,Arkansas-Pine Bluff,2026,,Jr.,,,,,
34931,Charlie Buckles,Florida State,2026,78,Fr.,LEFT,LEFT,Bethesda,MD,Walt Whitman High School
35018,Mookie Rodriguez,Florida State,2026,71,Fr.,LEFT,RIGHT,Dover,FL,Lakeland Christian School
34964,Austin Coyle,Little Rock,2026,73,Jr.,RIGHT,RIGHT,Kamloops,Canada,British Columbia Schools
34970,Luis Castillo,Little Rock,2026,76,So.,RIGHT,RIGHT,Talbott,TN,Lakeway Christian Academy
34975,Jaisen Abner,Seattle,2026,68,So.,RIGHT,RIGHT,Seattle,WA,O'Dea
35020,Alex Chamberlain,Seattle,2026,75,Jr.,RIGHT,RIGHT,Fall City,WA,Mount SI High School
34983,Hector Arellano,Houston,2026,71,Fr.,LEFT,LEFT,Brownsville,TX,Lopez High School
35000,Mikey Vanderheyden,Houston,2026,73,Fr.,RIGHT,RIGHT,Enterprise,AL,Enterprise High School
34995,TL Saxon,Georgia,2026,76,Jr.,RIGHT,RIGHT,Watkinsville,GA,Oconee County
35014,Luke Wiltrakis,Georgia,2026,75,So.,RIGHT,RIGHT,Sandy Springs,GA,St. Pius X
34999,Cade Sears,Vanderbilt,2026,73,So.,LEFT,LEFT,,,
35011,Carson Quillen,Vanderbilt,2026,71,Fr.,RIGHT,RIGHT,,,
35001,Yenli Nolasco,Georgia State,2026,75,Fr.,RIGHT,RIGHT,Dallas,GA,North Paulding High School
35035,Wilmer Martinez,Georgia State,2026,69,Fr.,BOTH,RIGHT,Thomasville,NC,Ledford High School
35054,Jayden Blalack,Dallas Baptist,2026,71,Fr.,RIGHT,RIGHT,Richmond,TX,William B Travis High School
35059,Miles Williams,Dallas Baptist,2026,73,Fr.,RIGHT,RIGHT,Magnolia,TX,Second Baptist School
660,SAMUEL FORMUS,Cedarville,2025,73,So.,LEFT,LEFT,Stafford Springs,CT,Stafford
3630,SAMUEL GETTINGER,Stonehill,2025,74,Fr.,RIGHT,RIGHT,Woodbridge,CT,Amity Regional
4395,ALEXANDER ROSARIO,Winthrop,2026,73,Sr.,RIGHT,RIGHT,New York,NY,The Gunnery
6246,Jaxon Pridgen,Tennessee Tech,2026,74,So.,RIGHT,RIGHT,Murfreesboro,TN,Riverdale HS
8473,Myles Dismute,Southern,2026,,Jr.,RIGHT,RIGHT,Long Beach,CA,Woodrow Wilson High School
9910,Blane Zeplin,Stephen F. Austin,2025,76,Jr.,RIGHT,RIGHT,Victoria,TX,
13468,Adison Mattix,Akron,2026,75,Jr.,,,Edmonds,WA,Mountlake Terrace HS
13680,Cowan Alfonso,Louisiana,2026,75,Jr.,RIGHT,RIGHT,Thibodaux,LA,Denham Springs
14931,Landen Parker,NJIT,2026,70,So.,,,Burlington,NC,The Burlington School
34549,Dimaggio Lonero,North Alabama,2026,71,Fr.,RIGHT,RIGHT,Canonsburg,PA,
34569,Kobe Minchey,Tarleton State,2026,76,Jr.,RIGHT,RIGHT,Jarrell,TX,Homeschool
34605,Matt Hanneman,Bradley,2026,,Sr.,,,White Lake,MI,Lakeland High School
34662,Austin O'Hara,George Mason,2026,70,Fr.,RIGHT,RIGHT,Ponte Vedra Beach,FL,Episcopal Schl Jacksonville
34736,Avery Shiflett,Kennesaw State,2026,76,Fr.,LEFT,LEFT,Cartersville,GA,Cartersville HS
34806,Jaden Schmidt,Albany,2026,71,Fr.,RIGHT,RIGHT,Islip Terrace,NY,East Islip High School
34822,Jonny Garber,Arizona State,2025,72,Jr.,RIGHT,RIGHT,Phoenix,AZ,Pinnacle
34825,Jack Ghufran,San Jose State,2025,72,Fr.,RIGHT,RIGHT,Granite Bay,CA,Granite Bay HS
34859,Braedon Davis,Youngstown State,2026,75,Jr.,RIGHT,RIGHT,Woodinville,WA,Redmond
34861,Kiernan O'Neill,UCF,2026,70,Fr.,RIGHT,RIGHT,Coconut Creek,FL,North Broward School
34862,Koa Won,Hawaii,2026,74,Fr.,RIGHT,RIGHT,Henderson,NV,Basic HS
34865,Louis Hill,Oral Roberts,2026,76,Fr.,RIGHT,RIGHT,Pineville,NC,South Meckleburg HS
34868,Nate Wochner,BYU,2026,76,Fr.,RIGHT,RIGHT,Arvada,CO,Broomfield
34871,Aiden Pavoris,Illinois-Chicago,2026,73,Sr.,RIGHT,RIGHT,Algonquin,IL,Huntley
34872,Drew Martin,Sacred Heart,2026,70,Jr.,LEFT,RIGHT,Brookfield,CT,Brookfield
34882,Jackson Roper,Wake Forest,2026,69,Fr.,RIGHT,RIGHT,Orange Park,FL,A3 Academy
34884,Jacob Campos,Saint Mary's (CA),2026,72,Fr.,BOTH,RIGHT,La Puente,CA,Bishop Amat Memorial HS
34887,Peyton Robidoux,Washington,2026,74,Fr.,LEFT,RIGHT,Smyrna,GA,Whitefield Academy
34889,Matthew Millett,Abilene Christian,2026,74,Fr.,RIGHT,RIGHT,Mansfield,TX,Lake Ridge HS
34890,Ryley Norton,Elon,2026,74,So.,RIGHT,RIGHT,Pinehurst,NC,P27 Academy
34893,Caleb Scott,Bethune-Cookman,2026,69,Jr.,BOTH,RIGHT,Orlando,FL,Bishop Moore Catholic
34894,Nathan Wines,East Carolina,2026,75,Fr.,RIGHT,RIGHT,Glen Burnie,MD,Archbishop Spalding
34898,Braden Watson,UC Santa Barbara,2026,75,Fr.,RIGHT,RIGHT,Peoria,AZ,Liberty High School
34901,Nick Brauhn,St. Thomas (MN),2026,71,Fr.,RIGHT,RIGHT,Sussex,WI,Hamilton High School
34907,Salvy Alvarez,Stetson,2026,69,Jr.,RIGHT,RIGHT,Miami,FL,Montverde Academy
34908,Jack Thunberg,The Citadel,2026,78,Sr.,LEFT,LEFT,New Albany,OH,Florence Darlington CC
34912,Kaden Allred,Utah Tech,2026,71,Fr.,RIGHT,RIGHT,Riverton,UT,Riverton HS
34913,Devin Miller,Cal State Fullerton,2026,76,Fr.,RIGHT,RIGHT,Aledo,TX,Aledo High School
34917,Ethan Clauss,LSU,2026,,Fr.,LEFT,RIGHT,,,
34925,Taylor Waldron,Jacksonville State,2026,74,Jr.,RIGHT,RIGHT,Ottawa,IL,Marquette Academy
34928,Alessandro Villegas,Florida A&M,2026,68,Jr.,LEFT,RIGHT,Richmond,TX,Miami Beach Senior High School
34929,Tre Brown,Southeastern Louisiana,2026,,Fr.,RIGHT,RIGHT,New Orleans,LA,Edna Karr HS
34930,Casey Bright,Evansville,2026,74,Fr.,LEFT,LEFT,Barbourville,KY,Knox Central High School
34936,Fuller Musgrove,South Alabama,2026,73,Fr.,RIGHT,RIGHT,Chunchula,AL,Mary G Montgomery High School
34937,Brock Cross,Washington State,2026,74,Fr.,RIGHT,RIGHT,Lake Havasu City,AZ,Lake Havasu High School
34948,Gary Ahrens,VMI,2026,74,Fr.,LEFT,LEFT,Great Falls,VA,Langley High School
34949,Daniel Camou,Cal Poly,2026,71,Fr.,RIGHT,RIGHT,San Dimas,CA,South Hills High School
34951,Eddie Rogers,UNC Greensboro,2026,73,So.,RIGHT,RIGHT,Catskill,NY,Catskill
