role,metric,label,pairs,players,min_events,r,r_lo,r_hi,k_pairs,r_stable,persistence,pers_lo,pers_hi
hitter,k,Strikeout,1013,419,300,0.830842374929967,0.805350701694328,0.852616770002173,55.0445714639058,0.90048631257095,0.922659637721595,0.900753393694027,0.943362981255215
hitter,ubb,Unintentional walk,1013,419,300,0.719878608945669,0.674188626802592,0.750863118498648,102.928834741002,0.828743117615229,0.86863901931056,0.826611253522504,0.902130863651964
hitter,hbp,Hit by pitch,1013,419,300,0.648775903861957,0.578078650347677,0.690619427053791,212.738446485501,0.700718286143672,0.925872660513008,0.869770593360785,0.991949863228723
hitter,single,Single,1013,419,300,0.649487687276912,0.607595890585191,0.681869076433488,201.873046301962,0.711595372445973,0.912720504413095,0.863838711028512,0.959700579222529
hitter,double,Double,1013,419,300,0.29267890197378,0.220652192941229,0.360365409269667,1189.03677337224,0.295230873728379,0.991356013270663,0.775959672975209,1.28507597518425
hitter,triple,Triple,1013,419,300,0.439873981143266,0.389596187010485,0.497572383255983,555.840895297095,0.472603265728826,0.930746808244996,0.810707662734907,1.08261690296535
hitter,hr,Home run,1013,419,300,0.642027204568402,0.604507635686816,0.677833975493586,178.338424602263,0.736353454952985,0.87190085175793,0.832281831505426,0.914091856409906
hitter,out_ip,Out in play,1013,419,300,0.784103977129721,0.749710153716226,0.811882893681537,84.4267534619165,0.855065842394111,0.91701005730073,0.893088506376223,0.944069093140015
hitter,babip,"BABIP-like (hits / balls in play, no HR)",1013,419,300,0.413584980418862,0.347568604803679,0.474502075002567,403.473586126312,0.448747740567234,0.921642479795162,0.797256315636031,1.07559857190731
hitter,gb,Ground ball share of batted balls,1013,419,300,0.760571300866104,0.717075141934952,0.79277450799438,65.6639951575961,0.83884353650888,0.906690303690564,0.872837707517395,0.939169331720839
hitter,fb,Fly ball share of batted balls,191,191,300,0.720068652225934,0.648352909842568,0.790060101980763,78.2398814520256,0.809747341064053,0.889251024004257,0.801395576073001,0.962528360494629
hitter,ld,Line drive share of batted balls,191,191,300,0.315677619471189,0.175086913218034,0.430850206297042,662.472325509514,0.334520913776711,0.943670803440111,0.535206042361736,1.53359428113029
hitter,pu,Popup share of batted balls,191,191,300,0.719872870914703,0.638023097566471,0.779172181400646,113.617473740038,0.745606270544181,0.96548661049927,0.88796937099416,1.04627604377467
starter,k,Strikeout,516,233,300,0.754016451875785,0.702758360956684,0.802247120482585,82.8159590273608,0.878946261286544,0.857864109657972,0.814483299159486,0.903223059573211
starter,ubb,Unintentional walk,516,233,300,0.569377531867129,0.488446019632805,0.636536293859722,266.108068775918,0.693218367358809,0.821353787892956,0.743705564300204,0.915198448406309
starter,hbp,Hit by pitch,516,233,300,0.352913689085431,0.239412888315271,0.438895818594631,996.580651654169,0.376315588665569,0.937813100798927,0.703378559358415,1.15619846092345
starter,single,Single,516,233,300,0.473149875652076,0.397057907023838,0.535488155387968,535.091481130057,0.529135666959859,0.89419388107128,0.788145171243336,1.02420469976643
starter,double,Double,516,233,300,0.196817658741598,0.0960807805939642,0.273902973195369,1683.61818328667,0.263164395372353,0.747888628562839,0.397018826952392,1.2791413469311
starter,triple,Triple,516,233,300,0.0817421005004644,-0.00797687542923405,0.162960236781164,2290.87201001416,0.207909484177304,0.393161960955832,-0.0746521989235547,0.929741312874222
starter,hr,Home run,516,233,300,0.27783463211635,0.188384509265221,0.371982620102349,1112.94982961413,0.350770211355118,0.792070201865209,0.544981199313796,1.06924610234641
starter,out_ip,Out in play,516,233,300,0.577221345918079,0.51014669051871,0.643908412186055,265.742463646652,0.693510672231686,0.832317899392388,0.763638899323822,0.911643169563861
starter,x_single,"Single (x, model input)",516,233,300,0.656849443504189,0.57932026364172,0.725619273757739,166.217668724056,0.78343756762128,0.838419640123405,0.7620203008243,0.895578936954061
starter,x_double,"Double (x, model input)",516,233,300,0.598606664453112,0.547065667145916,0.665276855733097,233.344643056676,0.720429816482056,0.830902123646379,0.768474257266178,0.901944711433843
starter,x_triple,"Triple (x, model input)",516,233,300,0.694787853283073,0.648784692694382,0.740442252502629,140.231014114234,0.810892417288815,0.85681878196132,0.811556531937714,0.904481587483571
starter,x_hr,"Home run (x, model input)",516,233,300,0.741225529028132,0.702309618760482,0.777676141586372,114.499954696748,0.840041358672774,0.882367899360614,0.844839887090176,0.923218319291642
starter,x_out_ip,"Out in play (x, model input)",516,233,300,0.710692869780418,0.658893831007624,0.755082458219414,129.907146541402,0.822341188393395,0.864231148592831,0.813778028590257,0.905671747416183
starter,babip,"BABIP-like (hits / balls in play, no HR)",516,233,300,0.207501220079279,0.120929808595445,0.280158617947846,1138.30582248198,0.259355118269871,0.800066030944351,0.467237694975911,1.18567424461586
starter,gb,Ground ball share of batted balls,516,233,300,0.76303930925741,0.712813238224257,0.809698127684716,67.3129967997425,0.858870801829728,0.88842152700015,0.848991739166216,0.924628947827318
starter,fb,Fly ball share of batted balls,102,102,300,0.721021704373638,0.610175110629844,0.801776690523889,115.189708288034,0.770077380513805,0.936297731394945,0.855150700118433,1.04683746405177
starter,ld,Line drive share of batted balls,102,102,300,0.182503363386917,-0.0228335660389475,0.348558961123567,6042.58084014386,0.0600516288122653,3.03910763115956,-4.90227662400382,65.936239391095
starter,pu,Popup share of batted balls,102,102,300,0.565814118246129,0.425811590628107,0.680201989454023,180.701231219639,0.681041774230048,0.830806772295004,0.641888706044368,1.0095297044964
reliever,k,Strikeout,605,319,150,0.613078319685373,0.537405870167581,0.676214741932246,60.7065501047166,0.792481928252585,0.773618044561856,0.706390392724747,0.83135113409164
reliever,ubb,Unintentional walk,605,319,150,0.539110532327472,0.477971033897849,0.597951073031427,152.957285993675,0.602490515912613,0.894803350573681,0.796207107500801,0.999991934707305
reliever,hbp,Hit by pitch,605,319,150,0.257925064804868,0.170137715215954,0.345157828921321,466.755579296556,0.33186075512699,0.777208696177922,0.520240372161224,1.11976292101303
reliever,single,Single,605,319,150,0.339117428873246,0.253963703431961,0.412228689519062,307.341192303122,0.429978583336658,0.788684464797469,0.638743975649322,0.979437152853328
reliever,double,Double,605,319,150,0.068288446769556,0.00313426484778873,0.144223526067357,1058.43728104501,0.179679994340171,0.380055926762065,0.0175523212660498,1.29900253210215
reliever,triple,Triple,605,319,150,0.00423419567653785,-0.0827554748913036,0.0820685617293765,1960.66062168368,0.105741118727405,0.0400430383893835,-1.54772871638642,1.20041865360927
reliever,hr,Home run,605,319,150,0.16180396842825,0.0692824915260106,0.223318506556472,1014.42449192805,0.186025504751454,0.869794540509022,0.432128523372825,1.36055508637611
reliever,out_ip,Out in play,605,319,150,0.594559452541079,0.519761032353206,0.658282846093916,134.01964052403,0.633677023776252,0.938268913393671,0.870745004178385,1.0212877312787
reliever,x_single,"Single (x, model input)",605,319,150,0.671360860436725,0.604392324972656,0.728232783531758,84.328139578561,0.733272539326432,0.915567983840527,0.861464663122647,0.970120444357704
reliever,x_double,"Double (x, model input)",605,319,150,0.472292190459604,0.39266310901547,0.532762959629784,165.139424867611,0.58400166902985,0.808717192956283,0.707500034177523,0.894154521070983
reliever,x_triple,"Triple (x, model input)",605,319,150,0.616047818520492,0.547958810371837,0.674475144150684,91.0425897253141,0.718023582407021,0.857977138376602,0.789305329547804,0.918846763098948
reliever,x_hr,"Home run (x, model input)",605,319,150,0.670558970325977,0.602299281030067,0.72069958066157,75.4862282008865,0.75436959530281,0.888899784006816,0.824141336211311,0.943656897806438
reliever,x_out_ip,"Out in play (x, model input)",605,319,150,0.688174536392916,0.616422517647535,0.746386563515547,64.6768706873259,0.781870418282074,0.880164436844885,0.826417178796317,0.931332407153444
reliever,babip,"BABIP-like (hits / balls in play, no HR)",605,319,150,0.0596783428898153,-0.0140429252928167,0.134692072681354,2044.62926973167,0.0656446475295991,0.909112092694327,-0.354590176668457,27.1312867465793
reliever,gb,Ground ball share of batted balls,605,319,150,0.763204862382581,0.705970219129643,0.799667203723297,31.0657476454508,0.825446778975483,0.924596087624019,0.876939146939004,0.959249345842841
reliever,fb,Fly ball share of batted balls,117,117,150,0.640814998199854,0.536543902951487,0.723626062813311,63.9009289794022,0.692244000732617,0.925706828115035,0.81755457591513,1.04745058038945
reliever,ld,Line drive share of batted balls,117,117,150,0.162602663851357,0.00079260827853571,0.317779564559338,575.369551025538,0.199879587926218,0.813503097231617,0.0156328907779297,2.94772600778756
reliever,pu,Popup share of batted balls,117,117,150,0.511019078237668,0.382742141913962,0.632439508498325,139.690571777454,0.507133383439785,1.00766207653601,0.757925783830297,1.36085482895697
