role,scope,metric,label,set,binary,seasons,units,players,events,mean_rate,n_grid,max_N,k_kr21,k_kr21_exact,k_split,k_re,re_method,k_mom,k_re_surv,k_kr21_at_nstar,nstar,k_kr21_no2020,k_re_no2020,k_mom_park,kr_lo,kr_hi,re_lo,re_hi,boot,model_k,recency_k,ratio_kr,ratio_re,n70_kr,n70_re,verdict
hitter,2015-2022,k,Strikeout,pa,TRUE,2015-2022,5079,1427,1317690,0.217199037709932,12,700,46.4571534553964,46.6394941042093,49.6728709357289,42.9969438764772,beta-binomial MLE,46.5847507567632,50.7535348889918,51.4084598274126,200,46.4865587909053,42.6474913431708,47.3499154743692,42.9451534869241,51.3518172573614,39.4169030861321,47.3614179889129,200,60,58.5836719945801,1.29151262049678,1.39544801538383,108.400024729258,100.326202378447,consistent (within 2x of both)
hitter,2015-2022,ubb,Unintentional walk,pa,TRUE,2015-2022,5079,1427,1317690,0.0807223246742405,12,700,109.03000296517,109.178338822495,107.569516333067,110.319045811575,beta-binomial MLE,108.44469166167,107.479824654141,107.380011504907,200,110.376667977393,111.200331120304,112.634093708155,97.7675628734038,121.664812158602,98.4030584971805,122.189002098686,200,110,112.915319228305,1.0088966065161,0.997107971617887,254.403340252063,257.411106893674,consistent (within 2x of both)
hitter,2015-2022,hbp,Hit by pitch,pa,TRUE,2015-2022,5079,1427,1317690,0.0104827387321752,12,700,211.205922213343,210.839025728222,217.364941540147,255.571421207825,beta-binomial MLE,214.446949128927,258.637050009083,203.739115224387,200,214.558090647847,261.808665392465,233.001234521742,168.466432626467,261.016044557747,216.495556032075,301.730370622361,200,300,,1.42041471591391,1.17384016797421,492.8138184978,596.333316151591,consistent (within 2x of both)
hitter,2015-2022,single,Single,pa,TRUE,2015-2022,5079,1427,1317690,0.145606326222404,12,700,200.892859602733,201.216563282795,203.229640888185,194.636109294717,beta-binomial MLE,203.243434505461,202.593068859236,206.323127353023,200,205.311766698868,198.39496659854,212.122852826224,182.092338522138,224.527720051095,176.324791814703,218.686637252712,200,800,,3.98222217346104,4.11023423607715,468.750005739711,454.150921687674,TOO MUCH shrink: model k 2x+ both estimates
hitter,2015-2022,double,Double,pa,TRUE,2015-2022,5079,1427,1317690,0.0453725838399017,12,700,1169.61555425863,1155.46101118165,1173.55148264923,1042.18524780767,beta-binomial MLE,1410.78743330734,1174.07054329369,1153.2084148614,200,1180.93610219017,1066.8679649486,1732.97372844146,948.483560650529,1478.74728665834,887.315553541355,1333.34588899977,200,1000,,0.854981789835943,0.959522313430928,2729.1029599368,2431.7655782179,consistent (within 2x of both)
hitter,2015-2022,triple,Triple,pa,TRUE,2015-2022,5079,1427,1317690,0.00437128611433645,12,700,544.32400653947,538.772223423018,553.481694497903,534.217936899655,beta-binomial MLE,618.827561719699,535.98221418065,510.968572371972,200,536.617348558354,532.364433741519,703.962480168756,475.045509581807,627.432758763774,470.786875472402,617.945116254693,200,1500,,2.755711638618,2.8078428229222,1270.0893485921,1246.50851943253,TOO MUCH shrink: model k 2x+ both estimates
hitter,2015-2022,hr,Home run,pa,TRUE,2015-2022,5079,1427,1317690,0.0320803830946581,12,700,166.594443237804,166.794888365834,172.145925492996,150.82710197626,beta-binomial MLE,179.338032936161,157.199493003025,173.496150521951,200,165.831783623545,149.80290490761,189.56453904269,153.230997653948,186.103513801768,138.559745814194,169.663286687687,200,200,201.410398170278,1.20052023412637,1.32602163258086,388.720367554876,351.929904611274,consistent (within 2x of both)
hitter,2015-2022,out_ip,Out in play,pa,TRUE,2015-2022,5079,1427,1317690,0.464165319612352,12,700,76.140577904885,76.2879745749965,78.9040277426814,75.6117230192511,beta-binomial MLE,78.1145661843238,79.5943064991481,79.0231660763359,200,75.7697000867266,75.1598960796894,80.1368869563896,68.8581865577403,84.016278613341,68.4559412221067,83.2263608696235,200,800,,10.5068811140278,10.5803699222185,177.661348444732,176.427353711586,TOO MUCH shrink: model k 2x+ both estimates
hitter,2015-2022,babip,"BABIP-like (hits / balls in play, no HR)",bip,TRUE,2015-2022,5059,1420,869037,0.296202578256162,10,500,399.148864597297,395.768912032256,408.972188813341,365.283365734596,beta-binomial MLE,361.903239801573,406.685127886114,386.348465760242,200,400.669007775872,369.613344564808,,348.669486666078,471.95671144509,325.052988624698,434.579400036136,200,,,,,931.347350727027,852.327853380725,not a model rate
hitter,2015-2022,gb,Ground ball share of batted balls,bb,TRUE,2015-2022,5056,1419,898460,0.436737306057031,10,500,66.6865217005508,66.2556893829294,66.8692119469547,65.6041308584427,beta-binomial MLE,65.4849868127942,67.7941634115881,67.7454936899799,200,65.9228376894991,65.1247744017019,,60.734196682504,73.4477972923092,60.2582254753192,72.5744657580577,200,,,,,155.601883967952,153.076305336366,not a model rate
hitter,2015-2022,fb,Fly ball share of batted balls,bb,TRUE,2020-2022,1914,899,284565,0.252764746191556,9,400,84.7341091850879,83.9533721278706,81.7257186075778,85.3378868670576,beta-binomial MLE,84.4478343496894,81.5828033403802,81.3236929995818,200,80.0457449357779,80.6954010715246,,75.8647599181168,95.9107927689139,76.4478268605621,97.204880120644,200,,,,,197.712921431872,199.121736023134,not a model rate
hitter,2015-2022,ld,Line drive share of batted balls,bb,TRUE,2020-2022,1914,899,284565,0.246326849753132,9,400,689.545568994453,677.311618735685,695.97314573588,658.149878511566,beta-binomial MLE,654.291582620332,658.926873332535,598.809007432672,200,734.726164098412,704.23666667924,,528.646644838406,982.924616654685,517.792452151407,933.448773310629,200,,,,,1608.93966098706,1535.68304986032,not a model rate
hitter,2015-2022,pu,Popup share of batted balls,bb,TRUE,2020-2022,1914,899,284565,0.0699629258693093,9,400,102.942371567655,102.538939036799,103.48243485369,92.791568539401,beta-binomial MLE,97.9171955041171,105.791619144542,111.391481338864,200,102.656880045035,92.0881810331576,,88.3471418323492,119.37354892783,81.1728852832947,108.463256795054,200,,,,,240.198866991194,216.513659925269,not a model rate
starter,2015-2022,k,Strikeout,pa,TRUE,2015-2022,2125,737,794583,0.213233859772988,13,800,73.5285878818739,73.7987556705865,75.8279988886597,76.2589147777749,beta-binomial MLE,74.8270429281931,79.2585659512749,74.7815068962589,200,75.3990002155496,77.5033021050515,80.3124480291623,64.8559986069601,85.3189178353212,67.5106238972396,88.4127588788822,200,90,89.8490733060729,1.22401371483685,1.18018988681216,171.566705057706,177.937467814808,consistent (within 2x of both)
starter,2015-2022,ubb,Unintentional walk,pa,TRUE,2015-2022,2125,737,794583,0.074597619128524,13,800,240.950408887413,238.26738380148,255.342031154871,215.525951492479,beta-binomial MLE,208.188182198559,250.018449833974,244.459896852733,200,241.656635540621,218.574480028272,211.354830488375,205.36709071555,279.54313189242,183.882117590959,250.799941587453,200,300,305.23996442962,1.24506947875809,1.39194374469781,562.217620737297,502.893886815785,consistent (within 2x of both)
starter,2015-2022,hbp,Hit by pitch,pa,TRUE,2015-2022,2125,737,794583,0.00954337054782194,13,800,879.554921804215,867.105408894595,858.729128150882,838.534273774198,beta-binomial MLE,670.110766830867,866.258050565791,807.358461689566,200,856.834855803225,827.8429439384,681.015531831563,699.726721857801,1112.25012777056,678.197426853883,1045.90680861102,200,500,,0.568469333301392,0.596278548936976,2052.29481754317,1956.5799721398,consistent (within 2x of both)
starter,2015-2022,single,Single,pa,TRUE,2015-2022,2125,737,794583,0.14649319202651,13,800,510.245647923631,512.734078460902,518.773997217796,502.532991864774,beta-binomial MLE,489.068646109841,504.501353445364,491.458627688877,200,516.740304744821,507.198062006676,509.737581527502,430.111213706986,613.336860694993,426.531727538032,606.277619234493,200,,,,,1190.57317848847,1172.57698101781,model shrinks the x version instead
starter,2015-2022,double,Double,pa,TRUE,2015-2022,2125,737,794583,0.046049311399816,13,800,1722.91215679365,1747.54863300213,1715.48055491704,1576.36247329017,beta-binomial MLE,1387.07966789074,1605.00391723663,1599.52985480565,200,1759.23203711861,1592.06587286326,1538.38477976765,1333.76884122052,2709.0300590209,1235.63272247512,2513.40679025044,200,,,,,4020.12836585185,3678.17910434372,model shrinks the x version instead
starter,2015-2022,triple,Triple,pa,TRUE,2015-2022,2125,737,794583,0.00443503070163847,13,800,2218.84998490713,2196.37691652687,2249.09440141622,2087.7658649037,beta-binomial MLE,1376.4434231684,2223.72116753766,2286.56348585472,200,2160.98440428601,2036.99054504498,1718.95738077529,1528.18287129239,3954.9179774073,1483.12017931336,3608.78148113924,200,,,,,5177.31663144996,4871.45368477529,model shrinks the x version instead
starter,2015-2022,hr,Home run,pa,TRUE,2015-2022,2125,737,794583,0.032727858511949,13,800,896.828707185627,891.49958232472,967.640273924667,743.301874192903,beta-binomial MLE,556.384235573631,876.569571878278,682.200838497651,200,914.882022459432,765.876104467558,605.660665203916,720.76630351249,1173.7283131311,617.21686629272,942.543342666787,200,,1285.31873665132,,,2092.60031676646,1734.37103978344,model shrinks the x version instead
starter,2015-2022,out_ip,Out in play,pa,TRUE,2015-2022,2125,737,794583,0.472919757910753,13,800,251.855781313523,251.890667890599,253.054670040576,252.34769473663,beta-binomial MLE,250.825599449584,251.262587326838,247.698878938917,200,258.900355420161,259.067523917682,262.610827239604,217.104991460221,293.727758749523,219.36638412395,295.680134873294,200,,,,,587.663489731554,588.811287718804,model shrinks the x version instead
starter,2015-2022,x_single,"Single (x, model input)",pa,FALSE,2015-2022,2125,737,794583,0.15028329014823,13,800,157.312376277662,157.182755539686,158.966041485392,157.059141668718,ANOVA moments,157.059141668718,158.056443468435,156.315211555273,200,160.114968222396,160.372686244779,,137.290130436419,183.911274636212,137.256220337264,183.825460879457,200,1500,,9.53516840501119,9.55054245211602,367.062211314546,366.471330560343,TOO MUCH shrink: model k 2x+ both estimates
starter,2015-2022,x_double,"Double (x, model input)",pa,FALSE,2015-2022,2125,737,794583,0.0458226643389783,13,800,218.659108664095,219.403799795922,221.666453568963,209.721428399485,ANOVA moments,209.721428399485,218.82526213413,223.523841525102,200,220.357213458818,212.66676683186,,194.051811302992,251.117717770016,185.879787517035,239.887023734903,200,1500,,6.85999320661416,7.15234495324314,510.204586882889,489.349999598798,TOO MUCH shrink: model k 2x+ both estimates
starter,2015-2022,x_triple,"Triple (x, model input)",pa,FALSE,2015-2022,2125,737,794583,0.00471095408704034,13,800,127.402802031951,128.062904796491,129.613046511404,128.52794864259,ANOVA moments,128.52794864259,131.627266738057,131.644252829193,200,126.695625008877,127.332939113197,,111.407586764284,146.703645184416,113.130962135704,149.227101173311,200,3000,,23.5473627907151,23.3412268046258,297.273204741218,299.898546832711,TOO MUCH shrink: model k 2x+ both estimates
starter,2015-2022,x_hr,"Home run (x, model input)",pa,FALSE,2015-2022,2125,737,794583,0.0292304991644228,13,800,105.519690894435,105.296778081862,107.288563729091,105.889556127526,ANOVA moments,105.889556127526,108.235369315188,107.152638753865,200,102.956680260427,104.19916212941,,92.6181567461835,121.744818173165,94.3667679557422,122.09514673053,200,1300,,12.3199754375755,12.2769425762288,246.212612087015,247.075630964228,TOO MUCH shrink: model k 2x+ both estimates
starter,2015-2022,x_out_ip,"Out in play (x, model input)",pa,FALSE,2015-2022,2125,737,794583,0.472577742811995,13,800,119.700812328493,119.671704847776,121.826929526288,120.667206950776,ANOVA moments,120.667206950776,121.450689885141,119.09988014563,200,120.938390101693,121.318844422603,,105.348924831715,137.392925070741,106.059893897201,139.065905643104,200,1500,,12.5312432791482,12.4308835673299,279.301895433149,281.556816218478,TOO MUCH shrink: model k 2x+ both estimates
starter,2015-2022,babip,"BABIP-like (hits / balls in play, no HR)",bip,TRUE,2015-2022,2125,737,532289,0.294041394806205,11,600,1101.96416496457,1099.11798852841,1106.76877778486,1036.09581400401,beta-binomial MLE,872.260033956007,1133.26845425118,1215.905784318,200,1101.47884769679,1047.67672695086,,839.307880347903,1572.03008095196,813.665791502716,1508.2175286213,200,,,,,2571.24971825066,2417.55689934269,not a model rate
starter,2015-2022,gb,Ground ball share of batted balls,bb,TRUE,2015-2022,2125,737,548065,0.438385957869961,11,600,63.003685889171,63.2987124593281,64.5501560559955,63.4579686192009,beta-binomial MLE,63.9677326000425,68.2109714530643,68.3399104816275,200,64.4902605534929,64.6404098155633,,55.8155288334834,74.6339523346474,56.0914286680058,74.6923938031274,200,,,,,147.008600408066,148.068593444802,not a model rate
starter,2015-2022,fb,Fly ball share of batted balls,bb,TRUE,2020-2022,788,413,164010,0.252502896164868,10,500,106.724529021842,107.048874707708,108.634249704816,101.666502984249,beta-binomial MLE,106.07937801244,103.712224902634,105.107586156839,200,106.85942081536,101.95100247098,,86.3708436401415,131.791622840564,81.5250867807812,127.345621855152,200,,,,,249.023901050964,237.22184029658,not a model rate
starter,2015-2022,ld,Line drive share of batted balls,bb,TRUE,2020-2022,788,413,164010,0.249192122431559,10,500,4177.42273342857,4251.76569151635,4145.28360520132,4274.52861843444,beta-binomial MLE,3673.24351367843,4381.60916675862,18909.8534103251,200,4073.15616198499,4057.73334736711,,1635.72875327399,99992.6097499468,1495.40492355945,1e+05,200,,,,,9747.31971133332,9973.90010968035,not a model rate
starter,2015-2022,pu,Popup share of batted balls,bb,TRUE,2020-2022,788,413,164010,0.0681177976952625,10,500,158.674100122698,158.085424429477,155.849576105419,156.609064594261,beta-binomial MLE,153.315624834588,165.968541350739,164.111801898909,200,160.920696747827,161.736890547299,,132.452761764947,200.699168945101,130.219544102979,199.627165701706,200,,,,,370.239566952962,365.421150719942,not a model rate
reliever,2015-2022,k,Strikeout,pa,TRUE,2015-2022,3928,1458,492527,0.238068166821311,8,300,60.7644529105134,60.7505201761359,61.7372414510933,60.5200330994558,beta-binomial MLE,59.6685345920709,64.6193894421891,62.892697599627,100,61.4874948811668,61.1462529009928,62.506829107817,53.470687136283,69.4861361190746,53.7051501683911,68.1946789253899,200,90,,1.48112910902928,1.48711088528485,141.783723457864,141.213410565397,consistent (within 2x of both)
reliever,2015-2022,ubb,Unintentional walk,pa,TRUE,2015-2022,3928,1458,492527,0.0866754512950559,8,300,148.819377485572,148.191210462266,149.233196694964,133.792467632469,beta-binomial MLE,120.114185157997,148.2615559962,157.539061876699,100,147.118747829775,133.459947783532,121.935437009044,129.071200141064,170.547393456089,117.34536484105,155.293339807895,200,300,,2.01586651596554,2.24227869706467,347.245214133001,312.182424475762,TOO MUCH shrink: model k 2x+ both estimates
reliever,2015-2022,hbp,Hit by pitch,pa,TRUE,2015-2022,3928,1458,492527,0.0114531792165709,8,300,428.440079004081,426.351560544044,419.580410892818,415.308153425803,beta-binomial MLE,262.19189003561,467.139832396034,472.599680386447,100,421.976740452678,416.56249996524,256.872162016647,315.974502678688,604.956217279376,325.162247844722,528.622642715088,200,500,,1.16702433899803,1.20392531635988,999.693517676188,969.052357993541,consistent (within 2x of both)
reliever,2015-2022,single,Single,pa,TRUE,2015-2022,3928,1458,492527,0.140181147429481,8,300,338.500308469332,339.985131387135,332.878323658061,319.255984456552,beta-binomial MLE,303.268198122745,328.41710178201,341.442071392075,100,341.408962367201,322.911804375126,313.9532494607,285.764969201545,421.346358623476,267.85904123786,400.354448752874,200,,,,,789.834053095109,744.930630398622,model shrinks the x version instead
reliever,2015-2022,double,Double,pa,TRUE,2015-2022,3928,1458,492527,0.0419164837663722,8,300,908.185405142635,913.284715777848,927.77414631498,800.966026611829,beta-binomial MLE,496.166980308658,926.645179496633,845.702766467238,100,906.9069023903,791.238012393906,539.159382673218,668.505012981177,1240.87017612765,602.176151184447,1062.90576616461,200,,,,,2119.09927866615,1868.92072876093,model shrinks the x version instead
reliever,2015-2022,triple,Triple,pa,TRUE,2015-2022,3928,1458,492527,0.00402414486921529,8,300,2423.22996599908,2480.55400818451,2715.30005311648,2277.40120399588,beta-binomial MLE,801.278203400976,2619.74208503138,2631.12483980609,100,2477.17774434712,2348.35481667901,1318.10450342572,1472.85817465836,10815.5270760866,1364.33159963273,10781.4631157478,200,,,,,5654.20325399785,5313.93614265706,model shrinks the x version instead
reliever,2015-2022,hr,Home run,pa,TRUE,2015-2022,3928,1458,492527,0.028891817098352,8,300,816.156023915143,810.519374299163,830.073971354021,592.866173541392,beta-binomial MLE,322.20484694582,779.130730249418,600.428616428673,100,821.600403277243,602.073316427141,337.769030849501,640.593455518561,1105.78585139092,470.975307353011,773.750096702322,200,,,,,1904.364055802,1383.35440492992,model shrinks the x version instead
reliever,2015-2022,out_ip,Out in play,pa,TRUE,2015-2022,3928,1458,492527,0.448789609503641,8,300,143.243007249326,143.506519164238,139.149138402591,143.633568242014,beta-binomial MLE,144.608696529015,142.143441626212,150.712690900791,100,145.102993812117,145.778851690643,147.99027343509,121.87142654375,166.684395783405,122.110555051526,167.055909179921,200,,,,,334.233683581761,335.1449925647,model shrinks the x version instead
reliever,2015-2022,x_single,"Single (x, model input)",pa,FALSE,2015-2022,3928,1458,492527,0.140704671077845,8,300,91.0243115853625,91.2524027783048,89.2711054983477,89.0629128522585,ANOVA moments,89.0629128522585,90.1391624571519,91.5103163320718,100,92.0738400315812,90.497815508606,,80.5387114791269,103.957797467707,78.7744571384899,102.964780016765,200,1500,,16.479113918849,16.842027191366,212.390060365846,207.813463321936,TOO MUCH shrink: model k 2x+ both estimates
reliever,2015-2022,x_double,"Double (x, model input)",pa,FALSE,2015-2022,3928,1458,492527,0.0427718656698771,8,300,170.006291688308,169.864526367313,165.301132735498,151.962338128434,ANOVA moments,151.962338128434,168.598915679005,175.426652774258,100,169.505428775843,156.462426454403,,143.301216544507,198.841986332332,129.823562122452,175.263821817657,200,1500,,8.82320286563346,9.87086681130327,396.681347272719,354.578788966345,TOO MUCH shrink: model k 2x+ both estimates
reliever,2015-2022,x_triple,"Triple (x, model input)",pa,FALSE,2015-2022,3928,1458,492527,0.00434813619079144,8,300,101.626702512378,101.946841138207,95.5150267071938,97.2905603657057,ANOVA moments,97.2905603657057,94.0161910715098,96.6859680499866,100,100.68418755293,95.768222224068,,86.6352230307497,116.691643187771,83.2910938154645,110.212803280514,200,3000,,29.5198006609987,30.8354684023126,237.128972528881,227.01130751998,TOO MUCH shrink: model k 2x+ both estimates
reliever,2015-2022,x_hr,"Home run (x, model input)",pa,FALSE,2015-2022,3928,1458,492527,0.0275536426653555,8,300,81.5115943966913,81.4577450955795,79.9684923431359,79.838449126757,ANOVA moments,79.838449126757,79.3972257426016,80.7205875943694,100,79.8066512370245,77.713649105785,,71.8202631163239,90.5861746999105,70.7440879682725,89.1943900730233,200,1300,,15.9486513498105,16.2828814214068,190.193720258946,186.2897146291,TOO MUCH shrink: model k 2x+ both estimates
reliever,2015-2022,x_out_ip,"Out in play (x, model input)",pa,FALSE,2015-2022,3928,1458,492527,0.448424887063192,8,300,70.9526493422909,70.9735972528248,68.8437484544985,69.7973137599214,ANOVA moments,69.7973137599214,68.1605688122113,71.2283490225253,100,71.1555080259656,70.0626682718471,,62.3057040711812,79.8429180001398,60.1386196326075,79.5957768532174,200,1500,,21.1408596282808,21.4907984161035,165.556181798679,162.86039877315,TOO MUCH shrink: model k 2x+ both estimates
reliever,2015-2022,babip,"BABIP-like (hits / balls in play, no HR)",bip,TRUE,2015-2022,3919,1457,312711,0.293146067775038,6,200,1598.66863248548,1576.43845321297,1696.28077246862,1059.55578126683,beta-binomial MLE,635.809551032948,1736.85052417866,1671.80445872444,100,1617.84739516903,1116.02078475514,,931.451160755154,8206.69964899831,705.23777836322,2595.6412605594,200,,,,,3730.22680913279,2472.29682295593,not a model rate
reliever,2015-2022,gb,Ground ball share of batted balls,bb,TRUE,2015-2022,3920,1457,321307,0.442763462980887,6,200,35.169166199685,35.2690856368901,34.072040195135,35.3656990811262,beta-binomial MLE,34.3741238180003,33.3438249439084,33.4440028593845,100,35.1793867290345,35.2956063764474,,30.5592458831587,40.4078865226515,30.8095407259812,40.250412568741,200,,,,,82.0613877992649,82.5199645226278,not a model rate
reliever,2015-2022,fb,Fly ball share of batted balls,bb,TRUE,2020-2022,1574,866,108010,0.250411998888992,5,150,73.0237525581965,73.1060707259967,71.3069973681618,70.6559544768546,beta-binomial MLE,72.1780452442327,65.5682238952186,66.652282987753,100,72.1584987048998,69.2802894260531,,61.4319799245811,87.8470040829567,60.1704520123316,85.0594523418475,200,,,,,170.388755969125,164.863893779327,not a model rate
reliever,2015-2022,ld,Line drive share of batted balls,bb,TRUE,2020-2022,1574,866,108010,0.241357281733173,5,150,671.900712875561,664.458412925997,775.023399412299,630.356699341158,beta-binomial MLE,428.546554305913,770.783465928009,736.230728991576,100,714.689796064375,677.138359177104,,416.455894314807,2057.81423902679,390.604684105928,1486.73288359751,200,,,,,1567.76833004297,1470.8322984627,not a model rate
reliever,2015-2022,pu,Popup share of batted balls,bb,TRUE,2020-2022,1574,866,108010,0.072400703638552,5,150,122.315509832724,120.593191243681,120.768272035407,119.067495131181,beta-binomial MLE,126.505331069982,111.215522342366,114.547907233974,100,116.688249562649,114.375928418294,,100.961983559645,153.587442440589,98.7640726796899,152.144794128309,200,,,,,285.402856276356,277.824155306088,not a model rate
hitter,2023-2025,k,Strikeout,pa,TRUE,2023-2025,1968,899,547926,0.22571478630326,11,600,49.6390124258424,49.4870370876747,51.9358823558272,44.6625513560334,beta-binomial MLE,49.0997366790026,51.536046842442,54.3724244801172,200,,,,44.6488035514666,55.7052728809131,39.6124232786219,51.5249908706096,100,60,58.5836719945801,1.20872670643148,1.34340735534121,115.824362326966,104.212619830745,consistent (within 2x of both)
hitter,2023-2025,ubb,Unintentional walk,pa,TRUE,2023-2025,1968,899,547926,0.0813759522271256,11,600,125.970352995952,125.571468328675,124.988158069408,125.111415416719,beta-binomial MLE,123.936278719779,123.831982833692,124.472009105849,200,,,,110.813039925591,144.095518801677,112.2464236851,142.146504580133,100,110,112.915319228305,0.873221336480141,0.87921633396612,293.930823657221,291.926635972344,consistent (within 2x of both)
hitter,2023-2025,hbp,Hit by pitch,pa,TRUE,2023-2025,1968,899,547926,0.0110598876490621,11,600,217.10863943235,218.127710210656,221.075117223906,259.56122658434,beta-binomial MLE,223.927278862177,261.320774956655,210.346789222004,200,,,,177.774076298162,286.451938377978,223.331184782171,326.154122209488,100,300,,1.38179669304905,1.15579666480933,506.586825342149,605.642862030126,consistent (within 2x of both)
hitter,2023-2025,single,Single,pa,TRUE,2023-2025,1968,899,547926,0.142440767548903,11,600,262.524801589571,260.791213795783,264.014100600281,254.005027174029,beta-binomial MLE,264.321643837958,268.757271571091,269.212989156136,200,,,,230.212537302143,313.482599601742,221.296885907253,297.530459491296,100,800,,3.04733112892973,3.14954396336372,612.557870375665,592.6783967394,TOO MUCH shrink: model k 2x+ both estimates
hitter,2023-2025,double,Double,pa,TRUE,2023-2025,1968,899,547926,0.0433343188678763,11,600,2178.31893363124,2166.30380299481,2157.16590813916,1869.30564337754,beta-binomial MLE,3473.09698970697,2091.66134575542,1817.35971791186,200,,,,1321.38864961344,5007.19814876365,1218.21314909052,3455.53514402272,100,1000,,0.45906959929555,0.534957995522422,5082.74417847288,4361.71316788093,too little vs KR-21 only
hitter,2023-2025,triple,Triple,pa,TRUE,2023-2025,1968,899,547926,0.0037176553038184,11,600,452.90773382955,449.619011604857,437.981022459596,501.072862726474,beta-binomial MLE,531.526639120555,484.870956986366,449.108438001711,200,,,,359.759178279021,619.966415234378,412.533019846737,647.332782814468,100,1500,,3.31193284627045,2.99357660648012,1056.78471226895,1169.17001302844,TOO MUCH shrink: model k 2x+ both estimates
hitter,2023-2025,hr,Home run,pa,TRUE,2023-2025,1968,899,547926,0.0309731606092794,11,600,187.137379131129,187.269500732459,197.492289220978,176.373717573353,beta-binomial MLE,203.227282512574,187.336924900903,190.612220147868,200,,,,163.127898729357,215.321351908516,154.442834766609,203.239408993172,100,200,201.410398170278,1.06873357385142,1.13395579994407,436.653884639301,411.538674337823,consistent (within 2x of both)
hitter,2023-2025,out_ip,Out in play,pa,TRUE,2023-2025,1968,899,547926,0.461383471490676,11,600,79.8309532756268,79.585899268482,80.7179755184118,79.8586478231571,beta-binomial MLE,81.0240190256968,80.2907877403317,79.6764328402395,200,,,,72.0362966981502,90.0360188164469,72.2865747363746,90.146528738324,100,800,,10.0211755863405,10.0177002967989,186.272224309796,186.3368449207,TOO MUCH shrink: model k 2x+ both estimates
hitter,2023-2025,babip,"BABIP-like (hits / balls in play, no HR)",bip,TRUE,2023-2025,1959,894,356632,0.291134839274098,9,400,530.132348652667,535.789729542109,562.413114886392,486.00246493219,beta-binomial MLE,475.769416077237,634.366068149118,555.60887939544,200,,,,446.033868858863,721.956253883711,415.022564481299,640.230433959805,100,,,,,1236.97548018956,1134.00575150844,not a model rate
hitter,2023-2025,gb,Ground ball share of batted balls,bb,TRUE,2023-2025,1958,894,369757,0.422902068115005,10,500,72.2991648616784,72.1031431608633,73.2313374622926,72.146425327803,beta-binomial MLE,73.4310660143757,75.6360330501803,74.286381179175,200,,,,63.6420752677997,83.0391829431872,64.1072535113235,83.3630813690434,100,,,,,168.698051343916,168.341659098207,not a model rate
hitter,2023-2025,fb,Fly ball share of batted balls,bb,TRUE,2023-2025,1958,894,369757,0.266648095911639,10,500,95.6570164790843,95.0776087964315,96.1589198995627,94.2068797999246,beta-binomial MLE,95.9814648876181,96.9279577430649,97.5562132892786,200,,,,83.4249178577645,109.342362478035,82.482213005094,108.472246450168,100,,,,,223.199705117863,219.816052866491,not a model rate
hitter,2023-2025,ld,Line drive share of batted balls,bb,TRUE,2023-2025,1958,894,369757,0.240698620986215,10,500,938.985140330829,927.623221943472,944.451477283545,846.854074893195,beta-binomial MLE,836.473632473212,949.161590412808,916.786110530316,200,,,,711.663136536988,1527.30020762903,653.662184307312,1336.99989435298,100,,,,,2190.9653274386,1975.99284141745,not a model rate
hitter,2023-2025,pu,Popup share of batted balls,bb,TRUE,2023-2025,1958,894,369757,0.0697512149871402,10,500,108.733994355345,108.574093198549,113.646582818041,103.112721276232,beta-binomial MLE,108.927329372642,118.873980675765,120.03102745087,200,,,,98.165214052418,125.707321784327,91.9659685145483,119.778671295553,100,,,,,253.712653495805,240.59634964454,not a model rate
starter,2023-2025,k,Strikeout,pa,TRUE,2023-2025,805,420,309875,0.220221056877773,12,700,87.8546305142504,88.3358268421503,92.7064835012257,89.1923127206365,beta-binomial MLE,92.9423635106303,95.9869577704108,93.3928731436174,200,,,,74.6547366265041,107.740307818811,75.1898575733371,108.013065479312,100,90,89.8490733060729,1.02441953797076,1.00905557053883,204.994137866584,208.115396348152,consistent (within 2x of both)
starter,2023-2025,ubb,Unintentional walk,pa,TRUE,2023-2025,805,420,309875,0.0767825736183945,12,700,219.868150134288,218.891533664705,235.394756813013,206.480269717587,beta-binomial MLE,205.108928883265,228.858493540255,214.548021634481,200,,,,182.294528814889,269.008289725097,170.408123370667,250.299521066771,100,300,305.23996442962,1.36445410495686,1.45292332487905,513.025683646673,481.787296007704,consistent (within 2x of both)
starter,2023-2025,hbp,Hit by pitch,pa,TRUE,2023-2025,805,420,309875,0.0097749092375958,12,700,668.798733987879,646.653416610341,661.073325485603,617.053599768215,beta-binomial MLE,503.356570585357,666.17491012673,685.692946871502,200,,,,491.966043823731,933.812194436169,483.873284793777,884.827150719751,100,500,,0.747609070696988,0.810302379222511,1560.53037930505,1439.7917327925,consistent (within 2x of both)
starter,2023-2025,single,Single,pa,TRUE,2023-2025,805,420,309875,0.143654699475595,12,700,568.589960734038,570.698933816384,589.639272313741,556.9279552211,beta-binomial MLE,534.482714580268,562.46693327819,518.238460098842,200,,,,447.181615360838,816.165905183014,437.201429263223,797.068142550168,100,,,,,1326.70990837942,1299.49856218257,model shrinks the x version instead
starter,2023-2025,double,Double,pa,TRUE,2023-2025,805,420,309875,0.0446889874949576,12,700,1583.99399095522,1604.85484609118,1502.56332288852,1599.17880794359,beta-binomial MLE,1489.46386499525,1727.50054220958,2171.90505605724,200,,,,1181.44460611094,3314.36960471059,1160.89619415654,3205.00044173068,100,,,,,3695.98597889551,3731.41721853505,model shrinks the x version instead
starter,2023-2025,triple,Triple,pa,TRUE,2023-2025,805,420,309875,0.00374989915288423,12,700,2369.75050217693,2351.71603383218,2160.94902857998,2239.00973383632,beta-binomial MLE,1570.85263483795,2464.43237929093,1939.71497704839,200,,,,1064.30320761749,7939.1302476716,1041.50886747899,7588.87341574219,100,,,,,5529.41783841283,5224.35604561807,model shrinks the x version instead
starter,2023-2025,hr,Home run,pa,TRUE,2023-2025,805,420,309875,0.0330746268656716,12,700,1085.34389459344,1087.88288423065,1138.21660756089,940.352546708706,beta-binomial MLE,795.049476302996,997.133340873911,903.409312634675,200,,,,737.612421019289,1702.56525322777,638.559640210513,1453.69083145514,100,,1285.31873665132,,,2532.46908738469,2194.15594232031,model shrinks the x version instead
starter,2023-2025,out_ip,Out in play,pa,TRUE,2023-2025,805,420,309875,0.468053247277128,12,700,289.33456748506,288.262139665597,297.577984453298,284.651889116567,beta-binomial MLE,279.279367028038,291.074966842612,286.851309726181,200,,,,249.563177995373,373.436641311145,245.425080137859,363.691610163414,100,,,,,675.113990798473,664.187741271989,model shrinks the x version instead
starter,2023-2025,x_single,"Single (x, model input)",pa,FALSE,2023-2025,805,420,309875,0.143017793771657,12,700,147.798799299693,148.693332886081,153.267477281272,153.006358960322,ANOVA moments,153.006358960322,155.57114777582,150.612097637647,200,,,,127.251492958744,170.607048539832,130.638905870988,176.068642018786,100,1500,,10.1489322451019,9.80351411661903,344.863865032617,357.014837574086,TOO MUCH shrink: model k 2x+ both estimates
starter,2023-2025,x_double,"Double (x, model input)",pa,FALSE,2023-2025,805,420,309875,0.0450687969525691,12,700,281.878134558131,282.105826174577,289.895944874274,289.279480722589,ANOVA moments,289.279480722589,283.351480484527,269.05524583815,200,,,,235.164171230502,339.830872463388,240.288928758586,356.976402957793,100,1500,,5.32144858398253,5.18529691858254,657.715647302305,674.985455019375,TOO MUCH shrink: model k 2x+ both estimates
starter,2023-2025,x_triple,"Triple (x, model input)",pa,FALSE,2023-2025,805,420,309875,0.00383573898263281,12,700,197.354336462638,196.36402844485,201.2953858538,201.260053619691,ANOVA moments,201.260053619691,199.569911258524,192.428700132715,200,,,,163.844451238777,242.860366847338,168.320237369309,250.714518440586,100,3000,,15.2010847786359,14.9060876514965,460.493451746156,469.60679177928,TOO MUCH shrink: model k 2x+ both estimates
starter,2023-2025,x_hr,"Home run (x, model input)",pa,FALSE,2023-2025,805,420,309875,0.0328158626214053,12,700,161.695643360247,161.531586622437,164.962048891779,159.446031770415,ANOVA moments,159.446031770415,161.168061888108,161.342609172009,200,,,,134.80758844613,208.787646095393,130.176025902673,206.751605280761,100,1300,,8.03979608222149,8.15322893624506,377.289834507244,372.040740797636,TOO MUCH shrink: model k 2x+ both estimates
starter,2023-2025,x_out_ip,"Out in play (x, model input)",pa,FALSE,2023-2025,805,420,309875,0.468483267937973,12,700,130.575703647105,129.670840953363,133.496369095871,132.383710393442,ANOVA moments,132.383710393442,133.919340261731,129.221968282474,200,,,,110.052016116044,150.801683791096,111.78925790616,155.030150786749,100,1500,,11.4875888706977,11.3306991890621,304.676641843244,308.895324251365,TOO MUCH shrink: model k 2x+ both estimates
starter,2023-2025,babip,"BABIP-like (hits / balls in play, no HR)",bip,TRUE,2023-2025,805,420,204563,0.290986150965717,10,500,1340.45203007892,1313.27439996139,1381.67964512882,1147.15177615684,beta-binomial MLE,891.805464121924,1189.14242168885,1056.39999343175,200,,,,857.104428029825,2852.40143288437,799.498381147951,2084.5577935949,100,,,,,3127.72140351748,2676.6874776993,not a model rate
starter,2023-2025,gb,Ground ball share of batted balls,bb,TRUE,2023-2025,805,420,212878,0.417854357895132,10,500,64.2271627252995,64.6291130839782,64.9683479065105,64.4573142333548,beta-binomial MLE,63.6768339574493,65.8924827272895,65.1923101955005,200,,,,51.2643890016943,81.1388330778479,51.4723825980002,79.6742109236594,100,,,,,149.863379692366,150.400399877828,not a model rate
starter,2023-2025,fb,Fly ball share of batted balls,bb,TRUE,2023-2025,805,420,212878,0.269567545730418,10,500,129.556697225462,130.43760456355,130.008180676633,125.066726318339,beta-binomial MLE,127.34269708627,127.557807528129,132.115821521548,200,,,,103.77792827441,171.675520559299,98.5091617006913,165.501869678179,100,,,,,302.298960192746,291.822361409457,not a model rate
starter,2023-2025,ld,Line drive share of batted balls,bb,TRUE,2023-2025,805,420,212878,0.24304061481224,10,500,1623.41646404013,1538.10776897159,1412.74264063091,1539.16849230268,beta-binomial MLE,1545.58589592376,1483.09149938774,1584.04453712318,200,,,,1014.31791488038,2936.62437837185,1019.16176743261,2986.16607802595,100,,,,,3787.97174942697,3591.39314870625,not a model rate
starter,2023-2025,pu,Popup share of batted balls,bb,TRUE,2023-2025,805,420,212878,0.0695374815622094,10,500,161.535357573505,163.121157770125,161.272088086847,152.084826436461,beta-binomial MLE,157.493265742497,153.028834239934,169.380949622879,200,,,,130.268268765022,195.993138643913,121.011911316969,190.874777894263,100,,,,,376.915834338179,354.864595018409,not a model rate
reliever,2023-2025,k,Strikeout,pa,TRUE,2023-2025,1604,876,210792,0.237561197768416,8,300,79.6292595039058,79.4098706232923,81.6474249802183,78.018021736108,beta-binomial MLE,78.4773193887721,82.7256141606261,79.6166985465018,100,,,,66.5834322828027,93.6482072002512,66.9445557095016,91.8275412788171,100,90,,1.13023781158715,1.15357962169844,185.801605509113,182.042050717585,consistent (within 2x of both)
reliever,2023-2025,ubb,Unintentional walk,pa,TRUE,2023-2025,1604,876,210792,0.0877927056055258,8,300,185.846483996753,186.756067671882,195.69172475843,159.677291676894,beta-binomial MLE,138.726910251947,189.167524093731,185.285094757112,100,,,,154.593662798093,228.505110609994,131.972417633674,203.697834698807,100,300,,1.61423554295082,1.87878938106645,433.641795992424,372.580347246087,consistent (within 2x of both)
reliever,2023-2025,hbp,Hit by pitch,pa,TRUE,2023-2025,1604,876,210792,0.0127281870279707,8,300,347.256205032904,340.254381871595,356.856252089849,342.418431406431,beta-binomial MLE,283.292728693497,375.453224489591,336.294732877747,100,,,,264.822772789573,491.53645888096,273.98950099732,473.280299073763,100,500,,1.43985908027942,1.4602017711089,810.26447841011,798.976339948338,consistent (within 2x of both)
reliever,2023-2025,single,Single,pa,TRUE,2023-2025,1604,876,210792,0.140062241451288,8,300,297.008851956117,300.678474581405,281.997046368484,286.20860112742,beta-binomial MLE,266.245103521478,297.562342290563,314.866188820523,100,,,,246.263269102684,386.934338339983,237.619670457623,374.858385443493,100,,,,,693.020654564273,667.820069297313,model shrinks the x version instead
reliever,2023-2025,double,Double,pa,TRUE,2023-2025,1604,876,210792,0.0407415841208395,8,300,2439.7750766781,2223.87993447131,2420.59711771065,1578.46844634518,beta-binomial MLE,793.404187689748,2025.7522754324,2136.99756939696,100,,,,941.798267517914,17313.4262239895,798.943387544892,3473.88274001618,100,,,,,5692.80851224891,3683.09304147209,model shrinks the x version instead
reliever,2023-2025,triple,Triple,pa,TRUE,2023-2025,1604,876,210792,0.00360070590914266,8,300,7293.22756796458,5571.78654838721,5389.15122845924,3692.45539271719,beta-binomial MLE,1327.88639553171,3564.34772009615,1690.76897810071,100,,,,1572.6399714754,99992.6097499468,1236.80562021107,1e+05,100,,,,,17017.5309919174,8615.72924967344,model shrinks the x version instead
reliever,2023-2025,hr,Home run,pa,TRUE,2023-2025,1604,876,210792,0.0274488595392615,8,300,851.919149873866,838.067969029803,891.711487865224,692.893095166223,beta-binomial MLE,464.749649100765,776.136503108826,753.080979714377,100,,,,587.162560893129,1538.88147001541,511.58180025985,1281.81095248404,100,,,,,1987.81134970569,1616.75055538785,model shrinks the x version instead
reliever,2023-2025,out_ip,Out in play,pa,TRUE,2023-2025,1604,876,210792,0.450064518577555,8,300,168.441075718819,168.070310432652,161.96450199899,168.143831017343,beta-binomial MLE,167.006596068339,160.894230159667,162.911431738213,100,,,,145.426031603662,216.3158100817,144.566772466551,213.154000236434,100,,,,,393.029176677245,392.335605707133,model shrinks the x version instead
reliever,2023-2025,x_single,"Single (x, model input)",pa,FALSE,2023-2025,1604,876,210792,0.136310298864428,8,300,89.532684212686,89.181265549964,86.7115065223754,84.9245951919068,ANOVA moments,84.9245951919068,87.1165595704013,89.352782533452,100,,,,76.8606204025916,103.723384451104,72.4181038986021,99.5585966845054,100,1500,,16.7536583225488,17.6627277010906,208.909596496267,198.157388781116,TOO MUCH shrink: model k 2x+ both estimates
reliever,2023-2025,x_double,"Double (x, model input)",pa,FALSE,2023-2025,1604,876,210792,0.0420445090828291,8,300,246.231102007569,243.069394420846,247.580955518092,205.051677880968,ANOVA moments,205.051677880968,238.70965635831,230.814911115247,100,,,,196.373630427353,306.616930868504,172.772058645747,252.412132605064,100,1500,,6.09183806501377,7.31522909493454,574.539238017662,478.453915055592,TOO MUCH shrink: model k 2x+ both estimates
reliever,2023-2025,x_triple,"Triple (x, model input)",pa,FALSE,2023-2025,1604,876,210792,0.00356446445078464,8,300,176.120508772194,174.001917010905,180.52733944186,153.554289759776,ANOVA moments,153.554289759776,174.228669526042,165.972645000219,100,,,,140.996854839913,212.398519401558,130.356820983129,183.485167963335,100,3000,,17.0337913563514,19.5370640878433,410.947853801786,358.29334277281,TOO MUCH shrink: model k 2x+ both estimates
reliever,2023-2025,x_hr,"Home run (x, model input)",pa,FALSE,2023-2025,1604,876,210792,0.0302352536258734,8,300,116.474431356488,114.454492345582,115.858392616061,110.312442324287,ANOVA moments,110.312442324287,114.465843833071,114.221346155402,100,,,,98.6215766553635,137.422153502512,95.9343281507306,131.695665179851,100,1300,,11.1612478795552,11.7847087110842,271.773673165139,257.395698756671,TOO MUCH shrink: model k 2x+ both estimates
reliever,2023-2025,x_out_ip,"Out in play (x, model input)",pa,FALSE,2023-2025,1604,876,210792,0.449763383574172,8,300,86.372273543951,86.264876664067,84.6513380970034,85.6923231292492,ANOVA moments,85.6923231292492,83.4841174926195,83.9944138017817,100,,,,73.0876154048318,103.333747027532,73.24099039661,102.985471986285,100,1500,,17.3666842199855,17.5044851770159,201.535304935886,199.948753968248,TOO MUCH shrink: model k 2x+ both estimates
reliever,2023-2025,babip,"BABIP-like (hits / balls in play, no HR)",bip,TRUE,2023-2025,1601,875,133741,0.290643856409029,6,200,760.11578947304,781.445402388872,724.877742772342,624.394340340445,beta-binomial MLE,458.18679536993,765.71994281866,953.788918517506,100,,,,494.95858493344,2737.93973877886,407.579624042803,1391.79365559158,100,,,,,1773.60350877043,1456.92012746104,not a model rate
reliever,2023-2025,gb,Ground ball share of batted balls,bb,TRUE,2023-2025,1603,876,137783,0.432985201367368,6,200,41.4855603738806,41.2582462117342,39.6270576003646,41.7019158517746,beta-binomial MLE,40.2016308280065,39.3776749885915,39.7374637724501,100,,,,36.4515066987601,47.7466362929152,37.070015124879,48.2083308479357,100,,,,,96.7996408723881,97.3044703208074,not a model rate
reliever,2023-2025,fb,Fly ball share of batted balls,bb,TRUE,2023-2025,1603,876,137783,0.260982849843595,6,200,75.5870792504295,75.9536362241699,73.8388764706341,72.0406796830672,beta-binomial MLE,71.5183387930905,71.1828744040683,76.2810208450119,100,,,,67.3748476713624,91.355316301875,63.2729901321821,86.86581385456,100,,,,,176.369851584336,168.09491926049,not a model rate
reliever,2023-2025,ld,Line drive share of batted balls,bb,TRUE,2023-2025,1603,876,137783,0.236400717069595,6,200,1099.36733911483,1090.61993669719,818.201362448391,1040.15011086269,beta-binomial MLE,1013.45636990108,1015.17654557998,1806.51016741158,100,,,,623.451821237567,12664.1054990911,601.762756152543,13036.2494923195,100,,,,,2565.19045793461,2427.01692534628,not a model rate
reliever,2023-2025,pu,Popup share of batted balls,bb,TRUE,2023-2025,1603,876,137783,0.0696312317194429,6,200,109.403251650871,109.293517681202,104.335965841787,106.016103958534,beta-binomial MLE,107.995986078644,95.7609332259379,97.8327552768259,100,,,,92.4197580525666,131.78916015949,92.1359384505778,127.960105789136,100,,,,,255.274253852032,247.37090923658,not a model rate
