player_id,name,pos,class_year,div,from_school,summer_team,status,san_diego_school,ca_school,ca_summer_league
608,NATHAN CAMPOS-JARAMILLO,UTL,Sophomore,II,"California State University, San Marcos",,ENTERED,Y,Y,
609,KENDALL   MT PYATT,INF,Grad Transfer,II,"California State University, San Marcos",,ENTERED,Y,Y,
610,PHOENIX SOMMAY,,,II,"California State University, San Marcos",,ENTERED,Y,Y,
611,TREVOR MT EBY,RHP,Senior?,II,"California State University, San Marcos",,ENTERED,Y,Y,
612,SPENCER ANDERSON,RHP,Grad Transfer,II,"California State University, San Marcos",,ENTERED,Y,Y,
613,ZAVIEN MT WATSON,,,II,"California State University, San Marcos",,ENTERED,Y,Y,
614,DAVID MT MONGE,,,II,"California State University, San Marcos",,ENTERED,Y,Y,
615,DYLAN UNANGST,,,II,"California State University, San Marcos",,ENTERED,Y,Y,
616,JORDAN TOWNLEY,RHP,,II,"California State University, San Marcos",,ENTERED,Y,Y,
617,MASEN MT MCDONNELL,,,II,"California State University, San Marcos",,ENTERED,Y,Y,
618,LUKE MT HIGGINS,,,II,"California State University, San Marcos",,ENTERED,Y,Y,
619,GARRETT TEUNISSEN,,,II,"California State University, San Marcos",,ENTERED,Y,Y,
2758,NOAH   MT MEFFERT,UTL,Grad Transfer,II,Point Loma Nazarene University,,ENTERED,Y,Y,
2759,ZAKARY MT WHITE,RHP,,II,Point Loma Nazarene University,Fond du Lac,ENTERED,Y,Y,
2760,JORDAN GREEN,RHP,Freshman,II,Point Loma Nazarene University,,ENTERED,Y,Y,
2761,JACK   MT BUNNELL,,Grad Transfer,II,Point Loma Nazarene University,,ENTERED,Y,Y,
2762,BRANDEN JACKEL,LHP,Sophomore,II,Point Loma Nazarene University,,ENTERED,Y,Y,
2763,TANNER FORBUS,,,II,Point Loma Nazarene University,,ENTERED,Y,Y,
2764,BROCK MAYER,P,,II,Point Loma Nazarene University,,ENTERED,Y,Y,
2765,NATHAN WOODSIDE,,,II,Point Loma Nazarene University,,ENTERED,Y,Y,
2766,MICHAEL   MT SARHATT,RHP,Grad Transfer,II,Point Loma Nazarene University,,ENTERED,Y,Y,
673,JOSEPH STEVENTON,RHP,,I,San Diego State University,,ENTERED,Y,Y,
2906,CHRISTOPHER TAMPOYA,,,I,San Diego State University,,ENTERED,Y,Y,
2907,DOMENICO TOMASELLO,,,I,San Diego State University,,ENTERED,Y,Y,
3263,CRAIG MORAN,OF,Freshman,I,San Diego State University,Utah Marshalls,ENTERED,Y,Y,
3264,XAVIER FARNUM,C,Freshman,I,San Diego State University,,ENTERED,Y,Y,
3265,NEVAN NOONAN,INF,Junior,I,San Diego State University,,ENTERED,Y,Y,
3266,SAMUEL KAHLER,OF,Sophomore,I,San Diego State University,,ENTERED,Y,Y,
3267,DREW RUTTER,OF,Sophomore,I,San Diego State University,,ENTERED,Y,Y,
3268,DANIEL ARAMBULA,INF,Freshman,I,San Diego State University,,ENTERED,Y,Y,
3269,JAKE JACKSON,OF,Sophomore,I,San Diego State University,,ENTERED,Y,Y,
3270,ZANE KELLY,OF,Sophomore,I,San Diego State University,,ENTERED,Y,Y,
3271,TINO BETHANCOURT,,Grad Transfer,I,San Diego State University,,ENTERED,Y,Y,
3272,ELIJAH SELGA,,,I,San Diego State University,,ENTERED,Y,Y,
3273,CHRIS CANAVAN,P,,I,San Diego State University,,ENTERED,Y,Y,
3274,GARVEY RUMARY,LHP,Sophomore,I,San Diego State University,,ENTERED,Y,Y,
3275,EVAN ESCOBAR,,,I,San Diego State University,,ENTERED,Y,Y,
3276,TREVOR FOX,,,I,San Diego State University,,ENTERED,Y,Y,
3277,JOSHUA QUEZADA,,,I,San Diego State University,,ENTERED,Y,Y,
3278,FINLEY BATES,,,I,San Diego State University,,ENTERED,Y,Y,
3279,PEYTON RODGERS,RHP,Freshman,I,San Diego State University,,ENTERED,Y,Y,
3280,KYLE PETTIGREW,,,I,San Diego State University,,ENTERED,Y,Y,
3281,AARON KNIFFIN,RHP,Freshman,I,San Diego State University,,ENTERED,Y,Y,
3282,MARKO MT SIPILA,RHP,Junior,I,San Diego State University,,ENTERED,Y,Y,
3283,LUKA PINTAR,P,,I,San Diego State University,,ENTERED,Y,Y,
2836,SPENCER SEID,LHP,Grad Transfer,I,"University of California, San Diego",,ENTERED,Y,Y,
4089,LANDON MARCHETTI,LHP,Sophomore,I,"University of California, San Diego",,ENTERED,Y,Y,
4090,JULIAN CUSTER,RHP,,I,"University of California, San Diego",,ENTERED,Y,Y,
4091,BRANDON MT NGUYEN,,,I,"University of California, San Diego",,ENTERED,Y,Y,
4092,KADEN SMITH,C,,I,"University of California, San Diego",,ENTERED,Y,Y,
4093,RYSON UJIMORI,,,I,"University of California, San Diego",,ENTERED,Y,Y,
116,BRADYN BARNES,LHP,Sophomore,I,Arizona State University,CCL - Walnut Creek,ENTERED,,,Y
193,GABRIEL JACOBS,RHP,,II,Azusa Pacific University,,ENTERED,,Y,
194,ELIJAH COOK,,Junior,II,Azusa Pacific University,,ENTERED,,Y,
195,ALLAN CAMARILLO,,,II,Azusa Pacific University,,ENTERED,,Y,
196,MICHAEL EASTER,C,Senior?,II,Azusa Pacific University,,ENTERED,,Y,
197,DIEGO FREY,,Junior,II,Azusa Pacific University,,ENTERED,,Y,
198,TIMOTHY BLUHM,OF,Freshman,II,Azusa Pacific University,,ENTERED,,Y,
199,JUSTICE BRINSON,,,II,Azusa Pacific University,,ENTERED,,Y,
200,GAVIN HUNT,,,II,Azusa Pacific University,,ENTERED,,Y,
353,JAMES WHITMAN,1B/DH,Junior,II,Biola University,,ENTERED,,Y,
354,ALEX LAUREANO,,,II,Biola University,,ENTERED,,Y,
355,HUNTER KAUL,C,,II,Biola University,,ENTERED,,Y,
356,BRANDON RUIZ,,Grad Transfer,II,Biola University,,ENTERED,,Y,
357,SAM LISIAK,C,Grad Transfer,II,Biola University,,ENTERED,,Y,
503,RYAN KITTREDGE,RHP,Junior,I,California Baptist University,,ENTERED,,Y,
504,NIKO MT URQUIDI,LHP,Sophomore,I,California Baptist University,,ENTERED,,Y,
505,KADE FINAZZO,P,,I,California Baptist University,,ENTERED,,Y,
506,TREVOR SPAINHOWARD,,,I,California Baptist University,,ENTERED,,Y,
507,BROCK WIRTHGEN,,,I,California Baptist University,,ENTERED,,Y,
508,KAI CARANTO,INF,,III,California Lutheran University,,ENTERED,,Y,
509,ZACH GARDNER,,,III,California Lutheran University,,ENTERED,,Y,
510,FRANK WILLIUS,LHP,Sophomore,III,California Lutheran University,,ENTERED,,Y,
511,GRIFFIN ZITKO,,Grad Transfer,III,California Lutheran University,,ENTERED,,Y,
512,JOHN MT LANTERMAN,,,III,California Lutheran University,,ENTERED,,Y,
513,TANNER SAGOUSPE,RHP,Grad Transfer,I,California Polytechnic State University,,ENTERED,,Y,
514,REECE BUENO,RHP,Sophomore,I,California Polytechnic State University,,ENTERED,,Y,
515,CHARLIE ROYLE,P,,I,California Polytechnic State University,,ENTERED,,Y,
516,DYLAN KNOWLES,,,I,California Polytechnic State University,,ENTERED,,Y,
517,HENRY MCDONALD,C,,I,California Polytechnic State University,,ENTERED,,Y,
518,NICHOLAS GIMINO,,,I,California Polytechnic State University,,ENTERED,,Y,
519,KURT FELIX,,,I,California Polytechnic State University,,ENTERED,,Y,
520,MACKENZEE   MT HIGUCHI,C,Grad Transfer,I,California Polytechnic State University,,ENTERED,,Y,
521,VAUGHN MT MAJOR,RHP,,I,California Polytechnic State University,,ENTERED,,Y,
522,MARCO MALERBA,1B/DH,Grad Transfer,II,"California State Polytechnic University, Pomona",,ENTERED,,Y,
523,BRENT COTA,OF,Grad Transfer,II,"California State Polytechnic University, Pomona",,ENTERED,,Y,
524,CLAY MT PORTER,,,II,"California State Polytechnic University, Pomona",,ENTERED,,Y,
525,DAVID ALLEN,,,II,"California State Polytechnic University, Pomona",,ENTERED,,Y,
526,TYLER MT LEROY,C,Senior?,I,"California State University, Bakersfield",,ENTERED,,Y,
527,MICHAEL MT RILEY,RHP,Senior?,I,"California State University, Bakersfield",,ENTERED,,Y,
528,HAUZE FRAGOSO,P,,I,"California State University, Bakersfield",,ENTERED,,Y,
529,MATTHEW MT LOPEZ,,,I,"California State University, Bakersfield",,ENTERED,,Y,
530,JEREMY JONES,P,,I,"California State University, Bakersfield",,ENTERED,,Y,
531,HALDON CRAIG,P,,I,"California State University, Bakersfield",,ENTERED,,Y,
532,LOGAN BORBOA,P,,I,"California State University, Bakersfield",,ENTERED,,Y,
533,NOAH ALVAREZ,,,I,"California State University, Bakersfield",,ENTERED,,Y,
534,COOPER GERECKE,,,I,"California State University, Bakersfield",,ENTERED,,Y,
535,RYAN MT RUCH,,,I,"California State University, Bakersfield",,ENTERED,,Y,
536,ALEX URIAS-CALVILLO,P,,I,"California State University, Bakersfield",,ENTERED,,Y,
537,WILLIAM WHITE,,,I,"California State University, Bakersfield",,ENTERED,,Y,
538,DANTE JACKSON,P,,I,"California State University, Bakersfield",,ENTERED,,Y,
539,DANIEL VIERRA,C,Grad Transfer,II,"California State University, Chico",,ENTERED,,Y,
540,TROY KENT,,,II,"California State University, Chico",,ENTERED,,Y,
541,JOSEPH LOUBERT,,Grad Transfer,II,"California State University, Chico",,ENTERED,,Y,
542,KOREY LIKENS,,,II,"California State University, Chico",,ENTERED,,Y,
2855,CHASE AURAND,,,II,"California State University, Chico",,ENTERED,,Y,
543,NOAH   MT KARLINER,1B/DH,Grad Transfer,II,"California State University, Dominguez Hills",,ENTERED,,Y,
544,DYLAN SCHUMACHER,C,Grad Transfer,II,"California State University, Dominguez Hills",,ENTERED,,Y,
545,TREY   MT WINGET,OF,Junior,II,"California State University, Dominguez Hills",,ENTERED,,Y,
546,DYLAN   MT SINGH,,Grad Transfer,II,"California State University, Dominguez Hills",,ENTERED,,Y,
547,JULIAN CASTRO,P,,II,"California State University, Dominguez Hills",,ENTERED,,Y,
548,MASANOBU SASAKI,,,II,"California State University, Dominguez Hills",,ENTERED,,Y,
549,JUSTIN ABERCROMBIE,IF,,II,"California State University, Dominguez Hills",,ENTERED,,Y,
550,JACOB PFITZNER,,,II,"California State University, Dominguez Hills",,ENTERED,,Y,
551,JOEL GAITAN,P,Grad Transfer,II,"California State University, Dominguez Hills",,ENTERED,,Y,
552,JAYLEN HODGES,INF,,II,"California State University, East Bay",,ENTERED,,Y,
553,JAKE SEARLES,,,II,"California State University, East Bay",,ENTERED,,Y,
554,RYAN JURIC,P,,II,"California State University, East Bay",,ENTERED,,Y,
555,CALEB SCHAEFFER,RHP,,II,"California State University, East Bay",,ENTERED,,Y,
556,DANELLE DANIELS,,,II,"California State University, East Bay",,ENTERED,,Y,
557,JACOB PAPPAS,,,I,"California State University, Fresno",,ENTERED,,Y,
558,TYLER ANTWINE,,,I,"California State University, Fresno",,ENTERED,,Y,
559,ADRIAN GARCIA,,,I,"California State University, Fresno",,ENTERED,,Y,
560,CALEB ANDERSON,RHP,Grad Transfer,I,"California State University, Fresno",,ENTERED,,Y,
561,JOSE GUERRERO III,RHP,,I,"California State University, Fresno",,ENTERED,,Y,
562,HAYDEN CREWS,P,,I,"California State University, Fresno",,ENTERED,,Y,
563,MATTHEW GONSALVES,,,I,"California State University, Fresno",,ENTERED,,Y,
564,GIOVANNI GROPPETTI,,,I,"California State University, Fresno",,ENTERED,,Y,
565,MAXWELL SHOR,,,I,"California State University, Fresno",,ENTERED,,Y,
566,GARRETT MT SINFIELD,,,I,"California State University, Fresno",,ENTERED,,Y,
567,MADDOX LATTA,INF,Senior?,I,"California State University, Fullerton",,ENTERED,,Y,
568,PAYTON HAWKINSON,RHP,,I,"California State University, Fullerton",,ENTERED,,Y,
569,JAKOB SCHARDT,,,I,"California State University, Fullerton",,ENTERED,,Y,
570,SETH OWEN MT SUMNER,,,I,"California State University, Fullerton",,ENTERED,,Y,
571,CARTER JOHNSTONE,,,I,"California State University, Fullerton",,ENTERED,,Y,
572,MARCOS ROSALES,,,I,"California State University, Fullerton",,ENTERED,,Y,
573,CRISTIAN BREWSTER,,,I,"California State University, Fullerton",,ENTERED,,Y,
574,CHAD GURNEA,P,,I,"California State University, Fullerton",,ENTERED,,Y,
575,TYLER HOLLEY,,,I,"California State University, Fullerton",,ENTERED,,Y,
576,ANDREW MILLER,P,,I,"California State University, Fullerton",,ENTERED,,Y,
577,NOEL ALIJAH RAMOS,,,I,"California State University, Fullerton",,ENTERED,,Y,
2856,JOSUE GARCIA-RAMIREZ,,,I,"California State University, Fullerton",,ENTERED,,Y,
578,MALIK CLAYTON,C,Grad Transfer,II,"California State University, Los Angeles",,ENTERED,,Y,
579,ISAIAH MARQUEZ,OF,Senior?,II,"California State University, Los Angeles",,ENTERED,,Y,
580,BLAKE KING,P,,II,"California State University, Los Angeles",,ENTERED,,Y,
581,JOEL MARTINEZ,P,,II,"California State University, Los Angeles",,ENTERED,,Y,
582,AIDAN   MT LEE,,Grad Transfer,II,"California State University, Monterey Bay",Draft League - State College,ENTERED,,Y,
583,KYLE WILLIAM QUILICI,1B/DH,Senior?,II,"California State University, Monterey Bay",,ENTERED,,Y,
584,JAVIER   MT FELIX,INF,Grad Transfer,II,"California State University, Monterey Bay",,ENTERED,,Y,
585,MAXIMILIANO   MT FARFAN,INF,Grad Transfer,II,"California State University, Monterey Bay",,ENTERED,,Y,
586,VINCENT MT CICOLELLO,,,II,"California State University, Monterey Bay",,ENTERED,,Y,
2857,ANDY MT TRUONG,,,II,"California State University, Monterey Bay",,ENTERED,,Y,
587,RYAN HALAMICEK,RHP,Sophomore,I,"California State University, Northridge",,ENTERED,,Y,
588,MAX MENDES,P,,I,"California State University, Northridge",,ENTERED,,Y,
589,ROYCE CLAYTON JR,,,I,"California State University, Northridge",,ENTERED,,Y,
590,NICHOLAS SANTIVANEZ,P,,I,"California State University, Northridge",,ENTERED,,Y,
591,ANGEL MT CORTEZ,,,I,"California State University, Northridge",,ENTERED,,Y,
592,ELIJAH FAIRCHILD,,,I,"California State University, Northridge",,ENTERED,,Y,
593,HAYDEN HALL,P,,I,"California State University, Northridge",,ENTERED,,Y,
594,BRENDEN WILKINSON,,,I,"California State University, Northridge",,ENTERED,,Y,
595,ANDREW GAUNA,OF,,I,"California State University, Northridge",,ENTERED,,Y,
596,DIEGO GUTIERREZ,RHP,Grad Transfer,I,"California State University, Northridge",,ENTERED,,Y,
597,ANDREW OVERLAND,RHP,Sophomore,I,"California State University, Sacramento",,ENTERED,,Y,
598,MYLES WALTON,,,I,"California State University, Sacramento",,ENTERED,,Y,
599,LUKE OYLER,,,I,"California State University, Sacramento",,ENTERED,,Y,
600,TROY OSBORNE,UTL,Freshman,I,"California State University, Sacramento",,ENTERED,,Y,
601,TANNER KERN,,,I,"California State University, Sacramento",,ENTERED,,Y,
602,CHRISTIAN MT PEREZ,,,I,"California State University, Sacramento",,ENTERED,,Y,
603,DYLAN TORRES,P,,I,"California State University, Sacramento",,ENTERED,,Y,
604,ELIYAHU KLIGMAN,C,Junior,I,"California State University, Sacramento",,ENTERED,,Y,
2858,ASHER CLARK,,,I,"California State University, Sacramento",,ENTERED,,Y,
2859,"ERVIN DORSETT, III",,,I,"California State University, Sacramento",,ENTERED,,Y,
605,RILEY RICKEN,P,,II,"California State University, San Bernardino",,ENTERED,,Y,
606,MATTHEW ROMERO,P,,II,"California State University, San Bernardino",,ENTERED,,Y,
607,KEEDAN NADEAU,,,II,"California State University, San Bernardino",,ENTERED,,Y,
620,JACKSON BROOKS,OF,Sophomore,II,"California State University, Stanislaus",,ENTERED,,Y,
621,JOSHUA OCHOA,,Grad Transfer,II,"California State University, Stanislaus",,ENTERED,,Y,
700,HENRY CHABOT,RHP,Grad Transfer,III,Chapman University,,ENTERED,,Y,
742,KODY   MT PERRY,,Grad Transfer,III,Claremont McKenna-Harvey Mudd-Scripps Colleges,,ENTERED,,Y,
743,PAUL WENDLER,,Grad Transfer,III,Claremont McKenna-Harvey Mudd-Scripps Colleges,,ENTERED,,Y,
5616,WESLEY WELLS,,,III,Claremont McKenna-Harvey Mudd-Scripps Colleges,,ENTERED,,Y,
5624,JASON RHODENBAUGH,P,,II,Concordia University Irvine,,ENTERED,,Y,
1290,EVAN FANCONI,u,,II,Fresno Pacific University,,ENTERED,,Y,
1291,CADE STUART,RHP,Junior,II,Fresno Pacific University,,ENTERED,,Y,
1292,AUSTIN MT WATSON,,,II,Fresno Pacific University,,ENTERED,,Y,
1293,ISAIAH GASTELUM,,,II,Fresno Pacific University,,ENTERED,,Y,
1920,ALBERT MT ROBLEZ,RHP,Senior?,I,Long Beach State University,,ENTERED,,Y,
1921,ARMANDO BRISENO,,,I,Long Beach State University,,ENTERED,,Y,
1922,OWEN GEISS,RHP,,I,Long Beach State University,,ENTERED,,Y,
1923,AUSTIN MT PUETT,,,I,Long Beach State University,,ENTERED,,Y,
1924,KELLAN MONTGOMERY,RHP,Junior,I,Long Beach State University,,ENTERED,,Y,
1925,JOSHUA DONEGAN,P,,I,Long Beach State University,,ENTERED,,Y,
1926,DYLAN MT JACKSON,,,I,Long Beach State University,,ENTERED,,Y,
1927,EFREN ORTEGA,,,I,Long Beach State University,,ENTERED,,Y,
1928,ZECHARIAH SAMAYOA,,,I,Long Beach State University,,ENTERED,,Y,
1973,MAXWELL SENESAC,C,,I,Loyola Marymount University,WCL - Yakima Valley,ENTERED,,Y,
1974,NATE SAVOIE,,,I,Loyola Marymount University,,ENTERED,,Y,
1975,JAMES BOSE,INF,Junior,I,Loyola Marymount University,,ENTERED,,Y,
1976,GABRIEL   MT MAYA,LHP,Grad Transfer,I,Loyola Marymount University,,ENTERED,,Y,
1977,SAMUEL   MT BRADY,LHP,Grad Transfer,I,Loyola Marymount University,,ENTERED,,Y,
1978,LUCA MT DANOS,,,I,Loyola Marymount University,,ENTERED,,Y,
1979,COLIN CAYCEDO,,,I,Loyola Marymount University,,ENTERED,,Y,
1980,LUKE SKINNER,,,I,Loyola Marymount University,,ENTERED,,Y,
1981,WILLIE CORNEJO-FARMER,,,I,Loyola Marymount University,,ENTERED,,Y,
1982,FERNANDO SANCHEZ GONZALEZ,,,I,Loyola Marymount University,,ENTERED,,Y,
1983,ASHTEN WONG,,,I,Loyola Marymount University,,ENTERED,,Y,
1984,RYAN MULLAN,RHP,Grad Transfer,I,Loyola Marymount University,,ENTERED,,Y,
2106,JUSTIN FLANNERY,OF,Grad Transfer,II,Menlo College,,ENTERED,,Y,
2107,WESLEY PAYNE,P,,II,Menlo College,,ENTERED,,Y,
2108,LANDON ROWLAND,P,,II,Menlo College,,ENTERED,,Y,
2109,RAMONE VALENZUELA,INF,,II,Menlo College,,ENTERED,,Y,
2110,ANTHONY TELLEZ,RHP,Grad Transfer,II,Menlo College,,ENTERED,,Y,
2111,MATTHEW ZARRIELLO,,,II,Menlo College,,ENTERED,,Y,
2112,CHASE BARSOTTI,P,Grad Transfer,II,Menlo College,,ENTERED,,Y,
2113,KEENAN SHAW,,Grad Transfer,II,Menlo College,,ENTERED,,Y,
2114,JAYSHAUN WISE,,,II,Menlo College,,ENTERED,,Y,
2115,BRADLEY MORRIS,,,II,Menlo College,,ENTERED,,Y,
2729,ADAM TROY,RHP,,I,Pepperdine University,,ENTERED,,Y,
2730,SAMUEL   MT SCAVONE,,Grad Transfer,I,Pepperdine University,,ENTERED,,Y,
2731,NATHAN TICHY,RHP,,I,Pepperdine University,,ENTERED,,Y,
2732,WYATT NICHOL,P,,I,Pepperdine University,,ENTERED,,Y,
2733,ESTEBAN SEPULVEDA,,,I,Pepperdine University,,ENTERED,,Y,
2734,JOSEPH DAMELIO,,,I,Pepperdine University,,ENTERED,,Y,
2735,RAMON MT JIMERSON,,,I,Pepperdine University,,ENTERED,,Y,
2736,MICHAEL LIYEOS,,,I,Pepperdine University,,ENTERED,,Y,
2737,CADE BARRY,P,,I,Pepperdine University,,ENTERED,,Y,
2738,ANDREW SAVAGE,C,Grad Transfer,I,Pepperdine University,,ENTERED,,Y,
2739,CAMERON CONLEY,,Grad Transfer,I,Pepperdine University,,ENTERED,,Y,
2740,BRODEY BITOVE,,,I,Pepperdine University,,ENTERED,,Y,
2741,BRADEN GUENTZ,P,,I,Pepperdine University,,ENTERED,,Y,
2742,MAXIMILLIAN MT BERNAL,,,I,Pepperdine University,,ENTERED,,Y,
2833,HUNTER JANSEN,1B/OF,,I,Pepperdine University,,ENTERED,,Y,
2896,JACOB GROSSMAN,,,I,Pepperdine University,,ENTERED,,Y,
2897,IAN HOLT,,,I,Pepperdine University,,ENTERED,,Y,
2773,XAVIER HATTENBURG,,,III,Pomona-Pitzer Colleges,,ENTERED,,Y,
2774,JACOB HILTON,LHP,Grad Transfer,III,Pomona-Pitzer Colleges,,ENTERED,,Y,
2775,SATISH RAICHUR,,,III,Pomona-Pitzer Colleges,,ENTERED,,Y,
2904,CAYDEN BONURA,P,,I,Saint Mary's College of California,,ENTERED,,Y,
2905,DYLAN LEOFF,P,,I,Saint Mary's College of California,,ENTERED,,Y,
3168,EDWARD MADRIGAL,,Grad Transfer,I,Saint Mary's College of California,,ENTERED,,Y,
3169,BRIAN DUROFF,OF,Grad Transfer,I,Saint Mary's College of California,,ENTERED,,Y,
3170,BLAKE CONRAD,C,,I,Saint Mary's College of California,,ENTERED,,Y,
3171,JUSTIN SANTIAGO,P,,I,Saint Mary's College of California,,ENTERED,,Y,
3172,JADEN MCNEELY,LHP,,I,Saint Mary's College of California,,ENTERED,,Y,
3173,ELLIOT MT JOSLIN,,,I,Saint Mary's College of California,,ENTERED,,Y,
3174,GARRET PLATA,P,Grad Transfer,I,Saint Mary's College of California,,ENTERED,,Y,
3175,BARRETT RONSON,,,I,Saint Mary's College of California,,ENTERED,,Y,
3176,ADAM ENYART,P,,I,Saint Mary's College of California,,ENTERED,,Y,
3177,CHRISTOPHER MT ESQUIVEL,,,I,Saint Mary's College of California,,ENTERED,,Y,
3178,JUSTIN HEFFLER,,,I,Saint Mary's College of California,,ENTERED,,Y,
3179,REES KENT,,Grad Transfer,I,Saint Mary's College of California,,ENTERED,,Y,
3180,HUNTER HIRAYAMA,INF,Grad Transfer,I,Saint Mary's College of California,,ENTERED,,Y,
3181,JOE MCGEE,,,I,Saint Mary's College of California,,ENTERED,,Y,
5834,JACOB SKELSKEY,,,I,Saint Mary's College of California,,ENTERED,,Y,
2908,ISAIAH MT CORTEZ,,,II,San Francisco State University,,ENTERED,,Y,
3284,KYLE OLIMPIA,INF,,II,San Francisco State University,,ENTERED,,Y,
3285,ARMANDO MURILLO,INF,Grad Transfer,II,San Francisco State University,,ENTERED,,Y,
3286,STEPHEN MT ESPINOZA,INF,Junior,II,San Francisco State University,,ENTERED,,Y,
3287,TYLER OHLSON,RHP,,II,San Francisco State University,,ENTERED,,Y,
3288,MICHAEL CUNNINGHAM,OF,Grad Transfer,II,San Francisco State University,,ENTERED,,Y,
3289,JACKSON WOOD,1B/DH,,II,San Francisco State University,,ENTERED,,Y,
3290,NICHOLAS COOK,OF,,II,San Francisco State University,,ENTERED,,Y,
3291,ANTHONY ALVAREZ,RHP/OF,Grad Transfer,II,San Francisco State University,,ENTERED,,Y,
3292,JAKE SPENCE,P,,II,San Francisco State University,,ENTERED,,Y,
3293,SCOTT BAUMAN,P,,II,San Francisco State University,,ENTERED,,Y,
3294,TYLER BYRNS,,Grad Transfer,II,San Francisco State University,,ENTERED,,Y,
3295,NICOLAS   MT BACURA,RHP,Grad Transfer,II,San Francisco State University,,ENTERED,,Y,
3296,COLBY RAFAIL,,,II,San Francisco State University,,ENTERED,,Y,
3297,RIVER DIAZ DE LEON,TWP,,II,San Francisco State University,,ENTERED,,Y,
3298,CAMDEN ANDREWS,,,II,San Francisco State University,,ENTERED,,Y,
3299,NICHOLAS ALLRED,OF,,II,San Francisco State University,,ENTERED,,Y,
3300,JARED MT LEWIS,,,I,San Jose State University,,ENTERED,,Y,
3301,RAOUL FABIAN JR,,,I,San Jose State University,,ENTERED,,Y,
3302,DOMINIC BRASSESCO,P,,I,San Jose State University,,ENTERED,,Y,
3303,JACOB CAMPAGNA,,,I,San Jose State University,,ENTERED,,Y,
3304,HUNTER HANES,P,,I,San Jose State University,,ENTERED,,Y,
3305,BRADY PAVLOVSKY,P,,I,San Jose State University,,ENTERED,,Y,
3306,TYSON PEREIRA,,,I,San Jose State University,,ENTERED,,Y,
3307,BLANCHE TOUALEU,,,I,San Jose State University,,ENTERED,,Y,
3308,NIKOLAUS OLSON,,,I,Santa Clara University,,ENTERED,,Y,
3309,HAYDEN JUNG-GOLDBERG,,,I,Santa Clara University,,ENTERED,,Y,
3310,CONNER SMITH,,,I,Santa Clara University,,ENTERED,,Y,
3311,CADEN WOOSTER,P,,I,Santa Clara University,,ENTERED,,Y,
2910,MARK MT CHAVEZ,,,II,Sonoma State University,,ENTERED,,Y,
2911,RICHARD MT SALAS,,,II,Sonoma State University,,ENTERED,,Y,
2912,MARTIN MT SANCHEZ,,,II,Sonoma State University,,ENTERED,,Y,
3375,EVAN MERZ,1B/DH,Junior,II,Sonoma State University,,ENTERED,,Y,
3376,CHRISTOPHER ORTIZ,C,Grad Transfer,II,Sonoma State University,,ENTERED,,Y,
3377,BEN SAITZ,INF,Junior,II,Sonoma State University,,ENTERED,,Y,
3378,GARRET BARTO,,Grad Transfer,II,Sonoma State University,,ENTERED,,Y,
3379,BRANDON MARION,,,II,Sonoma State University,,ENTERED,,Y,
3380,MASON HANSHAW,C,,II,Sonoma State University,,ENTERED,,Y,
3381,RYAN   MT TIGER,,Grad Transfer,II,Sonoma State University,,ENTERED,,Y,
3382,JACOB MT COURTNEY,,,II,Sonoma State University,,ENTERED,,Y,
3383,MICHAEL GORMLEY,,,II,Sonoma State University,,ENTERED,,Y,
3384,JEREMY VARGAS,,,II,Sonoma State University,,ENTERED,,Y,
3385,JESSE MOORE,,,II,Sonoma State University,,ENTERED,,Y,
3386,JOSEPH REPLOGLE,,,II,Sonoma State University,,ENTERED,,Y,
3387,JACOB PAUL,,,II,Sonoma State University,,ENTERED,,Y,
3388,TREY TRIAS,,,II,Sonoma State University,,ENTERED,,Y,
3389,DAVID HOWARD,P,,II,Sonoma State University,,ENTERED,,Y,
3390,HAWK HILL,P,,II,Sonoma State University,,ENTERED,,Y,
3391,LUKE IVANOFF,P,,II,Sonoma State University,,ENTERED,,Y,
3392,HERMAN LUNA,P,,II,Sonoma State University,,ENTERED,,Y,
3393,VINCENT LENCIONI,C,,II,Sonoma State University,,ENTERED,,Y,
3394,NOAH SOUZA,P,,II,Sonoma State University,,ENTERED,,Y,
3395,GABRIEL TAPIA,,,II,Sonoma State University,,ENTERED,,Y,
3396,EVAN MOYER,LHP,,II,Sonoma State University,,ENTERED,,Y,
3397,MAX MT SHABESTARI,,,II,Sonoma State University,,ENTERED,,Y,
3398,BRADEN SELLZ,,,II,Sonoma State University,,ENTERED,,Y,
3399,JOHN UCHYTIL,,,II,Sonoma State University,,ENTERED,,Y,
3400,MICHAEL PANICHI,P,,II,Sonoma State University,,ENTERED,,Y,
3401,JASON DEL VILLAR,,,II,Sonoma State University,,ENTERED,,Y,
3402,JARED ESPARZA,,Grad Transfer,II,Sonoma State University,,ENTERED,,Y,
3403,ELI HANCOCK,,,II,Sonoma State University,,ENTERED,,Y,
3404,JUSTIN LUCAS,,,II,Sonoma State University,,ENTERED,,Y,
3405,TYLER CRUDO,,,II,Sonoma State University,,ENTERED,,Y,
3406,HUDSON LA BARBERA POIRIER,,,II,Sonoma State University,,ENTERED,,Y,
3407,KOBE MT ROLLING,,,II,Sonoma State University,,ENTERED,,Y,
3408,SHANE CALLISON,,,II,Sonoma State University,,ENTERED,,Y,
3580,GABRIEL SPRINGER,INF,Grad Transfer,I,Stanford University,Northwoods - Kalamazoo,ENTERED,,Y,
3581,CUAUHTEMOC BECERRA,INF,Grad Transfer,I,Stanford University,,ENTERED,,Y,
3582,CHARLES SAUM,C,Grad Transfer,I,Stanford University,,ENTERED,,Y,
3583,DOMINIC PANELLA,RHP,Freshman,I,Stanford University,,ENTERED,,Y,
3584,DAVID BLAIR,OF,Grad Transfer,I,Stanford University,,ENTERED,,Y,
3585,SAMUEL PETROCELLI,RHP,Freshman,I,Stanford University,,ENTERED,,Y,
3586,JOSEPH VOLCHKO,,,I,Stanford University,,ENTERED,,Y,
3587,MATTHEW SCOTT,OF,,I,Stanford University,,ENTERED,,Y,
3588,TY UBER,RHP,Grad Transfer,I,Stanford University,,ENTERED,,Y,
3589,SABORN CAMPBELL,OF,Grad Transfer,I,Stanford University,,ENTERED,,Y,
3590,NATHAN STIVESON,,,I,Stanford University,,ENTERED,,Y,
3786,ANTHONY SCHEPPLER,INF,Freshman,I,The Ohio State University,CCL - Sonoma Stompers,ENTERED,,,Y
3923,ANTHONY COBB,,,II,Tusculum,,ENTERED,,Y,
3924,JACK LYNDRUP,,,II,Tusculum,,ENTERED,,Y,
3925,CALEB MULCAHY,,,II,Tusculum,,ENTERED,,Y,
3926,SETH SHERMAN-LOUIS,,,II,Tusculum,,ENTERED,,Y,
3927,JACOB   MT KENT,,Grad Transfer,II,Tusculum University,,ENTERED,,Y,
3928,GARRETT GREGORY,,Grad Transfer,II,Tusculum University,,ENTERED,,Y,
3929,PHILIP MILLER,P,,II,Tusculum University,,ENTERED,,Y,
3930,TYLER TAMARGO,,,II,Tusculum University,,ENTERED,,Y,
3931,MASON HUFFSTICKLER,P,,II,Tusculum University,,ENTERED,,Y,
3932,SCOUT MARTIN,P,,II,Tusculum University,,ENTERED,,Y,
3933,SAWYER PACE,,,II,Tusculum University,,ENTERED,,Y,
3934,DEREK FARLEY,,,II,Tusculum University,,ENTERED,,Y,
3935,CALEB WEBSTER,,,II,Tusculum University,,ENTERED,,Y,
5885,JOHNATHAN WALLACE,,,II,Tusculum University,,ENTERED,,Y,
2929,DYLAN GREEN,,,I,"University of California, Berkeley",,ENTERED,,Y,
2930,ROMAN TRINIDAD,,,I,"University of California, Berkeley",,ENTERED,,Y,
4047,JARREN ADVINCULA,INF,,I,"University of California, Berkeley",,ENTERED,,Y,
4048,LOGAN PIPER,LHP,Grad Transfer,I,"University of California, Berkeley",,ENTERED,,Y,
4049,PETER MOUTZOURIDIS,INF,Sophomore,I,"University of California, Berkeley",,ENTERED,,Y,
4050,NICHOLAS BUTTON,C,Grad Transfer,I,"University of California, Berkeley",,ENTERED,,Y,
4051,LUIGI SMALDINO,1B/OF,Sophomore,I,"University of California, Berkeley",,ENTERED,,Y,
4052,MATTHEW THOMAS,,,I,"University of California, Berkeley",,ENTERED,,Y,
4053,ELIJAH CLAYTON,,,I,"University of California, Berkeley",,ENTERED,,Y,
4054,RYAN LIMERICK,,,I,"University of California, Berkeley",,ENTERED,,Y,
4055,RYAN TAYMAN,C,Sophomore,I,"University of California, Berkeley",NWL - Wilmar Stingers,ENTERED,,Y,
4056,KADEN TAQUE,RHP,,I,"University of California, Berkeley",,ENTERED,,Y,
4057,JAKE LAVIN,,,I,"University of California, Berkeley",,ENTERED,,Y,
4058,LUCAS ALANIZ,P,Grad Transfer,I,"University of California, Berkeley",,ENTERED,,Y,
4059,JACOB GUARDIANCIC,P,Grad Transfer,I,"University of California, Berkeley",,ENTERED,,Y,
4060,JOESPH DONNELLY,UTL,Grad Transfer,I,"University of California, Berkeley",,ENTERED,,Y,
4061,MAX MURRAY,,,I,"University of California, Berkeley",,ENTERED,,Y,
2931,TRAVIS MAXWELL,P,,I,"University of California, Davis",,ENTERED,,Y,
4062,HOLDEN HIRSCHKORN,,,I,"University of California, Davis",,ENTERED,,Y,
4063,LEIGHTON HELFRICK,1B/OF,Grad Transfer,I,"University of California, Davis",,ENTERED,,Y,
4064,ZACHARY ROMERO,,,I,"University of California, Davis",,ENTERED,,Y,
4065,ETHAN FELIX,1B/DH,Grad Transfer,I,"University of California, Davis",,ENTERED,,Y,
4066,HUDSON COMER,OF,Freshman,I,"University of California, Irvine",,ENTERED,,Y,
4067,MATTHEW KRAUSE,RHP,,I,"University of California, Irvine",,ENTERED,,Y,
4068,RYAN HAM,,,I,"University of California, Irvine",,ENTERED,,Y,
4069,TOUSSAINT BYTHEWOOD,OF,Sophomore,I,"University of California, Los Angeles",,ENTERED,,Y,
4070,LOGAN DE GROOT,OF,Freshman,I,"University of California, Los Angeles",,ENTERED,,Y,
4071,REX SOLLE,,,I,"University of California, Los Angeles",,ENTERED,,Y,
4072,JESSE RODRIGUEZ,,,I,"University of California, Los Angeles",,ENTERED,,Y,
4073,JUSTIN CUELLAR,LHP,Freshman,I,"University of California, Los Angeles",,ENTERED,,Y,
4074,DAMON VILLA,,Grad Transfer,I,"University of California, Los Angeles",,ENTERED,,Y,
4075,CAMERON KIM,INF,Freshman,I,"University of California, Los Angeles",,ENTERED,,Y,
2932,ETHAN BERGAN,,,I,"University of California, Riverside",,ENTERED,,Y,
4076,FAREED AHMED,LHP,Sophomore,I,"University of California, Riverside",,ENTERED,,Y,
4077,CHRIS LOZANO,LHP,Grad Transfer,I,"University of California, Riverside",,ENTERED,,Y,
4078,KURT MARTON,P,,I,"University of California, Riverside",,ENTERED,,Y,
4079,ANDREW RIVAS,,Grad Transfer,I,"University of California, Riverside",,ENTERED,,Y,
4080,MATTHEW MT FLORES,RHP,Sophomore,I,"University of California, Riverside",,ENTERED,,Y,
4081,CHARLES DOHEMANN,,,I,"University of California, Riverside",,ENTERED,,Y,
4082,DAMIAN HERNANDEZ,,,I,"University of California, Riverside",,ENTERED,,Y,
4083,LANDON NUNES,,,I,"University of California, Riverside",,ENTERED,,Y,
4084,TYSON REIS,,,I,"University of California, Riverside",,ENTERED,,Y,
4085,MICHAEL WEBER,,,I,"University of California, Riverside",,ENTERED,,Y,
4086,JAMES   MT APPLEFORD,,Grad Transfer,I,"University of California, Riverside",,ENTERED,,Y,
4087,KEVIN FEDORUK,,Grad Transfer,I,"University of California, Riverside",,ENTERED,,Y,
4088,DIEGO BOARDMAN,INF,,I,"University of California, Riverside",,ENTERED,,Y,
2933,SKYLER CHANG,,,I,"University of California, Santa Barbara",,ENTERED,,Y,
2934,COLE IDE,,,I,"University of California, Santa Barbara",,ENTERED,,Y,
4094,CASEY EUPER,LHP,Freshman,I,"University of California, Santa Barbara",,ENTERED,,Y,
4095,NOLAN MT FARLEY,INF,Sophomore,I,"University of California, Santa Barbara",,ENTERED,,Y,
4096,REISS CALVIN,OF,Senior?,I,"University of California, Santa Barbara",,ENTERED,,Y,
4097,JACK   MT CLOTHIER,OF,Grad Transfer,I,"University of California, Santa Barbara",,ENTERED,,Y,
4098,HUDSON BARRETT,LHP,Junior,I,"University of California, Santa Barbara",,ENTERED,,Y,
4099,JACK MEISSNER,1B/OF,Freshman,I,"University of California, Santa Barbara",Cowlitz Bears,ENTERED,,Y,
4100,MASEN SWAN,LHP,Freshman,I,"University of California, Santa Barbara",,ENTERED,,Y,
4101,PETER STORJOHANN,,,I,"University of California, Santa Barbara",,ENTERED,,Y,
4102,JAMES MT ZAKHAR,C,Junior,I,"University of California, Santa Barbara",,ENTERED,,Y,
4103,PAUL WHEELER,LHP,Freshman,I,"University of California, Santa Barbara",,ENTERED,,Y,
4104,CARSON TIMOTHY,,,I,"University of California, Santa Barbara",,ENTERED,,Y,
4105,ELLIOT GALLEGOS,RHP,Grad Transfer,I,"University of California, Santa Barbara",,ENTERED,,Y,
4390,NOLAN ANGUIANO,,Grad Transfer,III,University of La Verne,,ENTERED,,Y,
4817,RYLAN MORRIS,OF,Freshman,III,University of Redlands,,ENTERED,,Y,
4818,KYLER BACOSA,P,,III,University of Redlands,,ENTERED,,Y,
4819,TYLER   MT PREECE,INF,Grad Transfer,III,University of Redlands,,ENTERED,,Y,
4831,TYLER PRYSTAJKO,P,,I,University of San Francisco,,ENTERED,,Y,
4832,KODY   MT WATANABE,INF,Grad Transfer,I,University of San Francisco,,ENTERED,,Y,
4833,DYLAN BROWN,RHP,Grad Transfer,I,University of San Francisco,,ENTERED,,Y,
4834,TRENT CORNELL,,,I,University of San Francisco,,ENTERED,,Y,
4835,AUSTIN CUPIC,P,,I,University of San Francisco,,ENTERED,,Y,
4836,NICHOLAS GOMOZIAS,,,I,University of San Francisco,,ENTERED,,Y,
4837,GAVIN PACHECO,P,,I,University of San Francisco,,ENTERED,,Y,
4838,CHARLES-ETIENNE PELLETIER,,,I,University of San Francisco,,ENTERED,,Y,
4839,NICOLAI YOVANOVICH,,Grad Transfer,I,University of San Francisco,,ENTERED,,Y,
4840,MATTY   MT FUNG,,Grad Transfer,I,University of San Francisco,,ENTERED,,Y,
4841,TYVON MOORE,,Grad Transfer,I,University of San Francisco,,ENTERED,,Y,
4842,LOGAN SCHWEIZER,,Grad Transfer,I,University of San Francisco,,ENTERED,,Y,
4843,JACOB VERWIEL,LHP,Grad Transfer,I,University of San Francisco,,ENTERED,,Y,
5962,JOHN CLINKENBEARD,,,I,University of San Francisco,,ENTERED,,Y,
5963,KELLER RIVERS,,,I,University of San Francisco,,ENTERED,,Y,
4944,BRAYDEN DOWD,OF,Sophomore,I,University of Southern California,,ENTERED,,Y,
4945,DYLAN MT OSBORNE,OF/LHP,Sophomore,I,University of Southern California,,ENTERED,,Y,
4946,RYDER DYKSTRA,OF,Freshman,I,University of Southern California,,ENTERED,,Y,
4947,JUDE FAVELA,RHP,Freshman,I,University of Southern California,,ENTERED,,Y,
4948,JACKSON MT BAKER,,Sophomore,I,University of Southern California,,ENTERED,,Y,
4949,JOSH HANSON,INF,Freshman,I,University of Southern California,,ENTERED,,Y,
4950,RICHARD TEJEDA,,,I,University of Southern California,,ENTERED,,Y,
4951,ZACHARY   MT SCHWARTZBERG,,Grad Transfer,I,University of Southern California,,ENTERED,,Y,
4952,WILLIAM STICKNEY,INF,Freshman,I,University of Southern California,,ENTERED,,Y,
4953,MATTHEW PRIEST,,,I,University of Southern California,,ENTERED,,Y,
4954,JOHN ELLIOTT,C,Freshman,I,University of Southern California,,ENTERED,,Y,
4955,ADDIAN BOLES JR,,,I,University of Southern California,,ENTERED,,Y,
4956,WES HICKEY,,,I,University of Southern California,,ENTERED,,Y,
4957,ANTHONY PERRITANO,,,I,University of Southern California,,ENTERED,,Y,
4958,CADEN   MT AOKI,,Grad Transfer,I,University of Southern California,,ENTERED,,Y,
4959,DEAN CARPENTIER,,,I,University of Southern California,,ENTERED,,Y,
4960,TEE SOUTHISENE,P,,I,University of Southern California,,ENTERED,,Y,
5069,CADE OHARA,RHP,Sophomore,I,University of Texas at Austin,Slo Blues,ENTERED,,,Y
5088,HUNTER HARGETT,RHP,Grad Transfer,I,University of the Incarnate Word,CCL - Prune Packers,ENTERED,,,Y
5109,DRAKE BICKNELL,C,Grad Transfer,I,University of the Pacific,,ENTERED,,Y,
5110,DAVID ANDRUS,P,Grad Transfer,I,University of the Pacific,,ENTERED,,Y,
5111,EVAN MOLL,P,,I,University of the Pacific,,ENTERED,,Y,
5112,ANDRE VIDAL,,Grad Transfer,I,University of the Pacific,,ENTERED,,Y,
5113,ADRIAN VIDAL,,,I,University of the Pacific,,ENTERED,,Y,
5114,CADE SONOQUI,P,,I,University of the Pacific,,ENTERED,,Y,
5115,JACKSON LUX,P,,I,University of the Pacific,,ENTERED,,Y,
5116,KADEN PETERSEN,,,I,University of the Pacific,,ENTERED,,Y,
5117,PARK ROMNEY,,,I,University of the Pacific,,ENTERED,,Y,
5994,ADEN BOWMAN,P,,I,University of the Pacific,,ENTERED,,Y,
5995,CADEN CASAGRANDE,3B,,I,University of the Pacific,,ENTERED,,Y,
5996,MATTHEW TROUTNER,,,I,University of the Pacific,,ENTERED,,Y,
5997,OMAR VARGAS,,,I,University of the Pacific,,ENTERED,,Y,
5284,NOAH MADOLE,,,II,Vanguard University,,ENTERED,,Y,
5285,JOSHUA MT SCHLEICHARDT,,,II,Vanguard University,,ENTERED,,Y,
5286,LEVI HALL,,Grad Transfer,II,Vanguard University,,ENTERED,,Y,
454,BRYCE MCFEELY,OF,Grad Transfer,II,Westmont College,,ENTERED,,Y,
455,TREY DUNN,UTL,Grad Transfer,II,Westmont College,,ENTERED,,Y,
2837,RYAN HUMPHREYS,LHP,Grad Transfer,II,Westmont College,,ENTERED,,Y,
5521,SHANE HOFSTADLER,1B/OF,Grad Transfer,II,Westmont College,,ENTERED,,Y,
5522,MICHAEL SOPER,INF,Grad Transfer,II,Westmont College,,ENTERED,,Y,
5523,JACK   MT BOLLENGIER,OF,Grad Transfer,II,Westmont College,,ENTERED,,Y,
5524,DANIEL PATTERSON,INF,Grad Transfer,II,Westmont College,,ENTERED,,Y,
5525,TYLER MCEVOY,C,Sophomore,II,Westmont College,,ENTERED,,Y,
5526,BRYAN PECK,RHP,Grad Transfer,II,Westmont College,,ENTERED,,Y,
5527,STEPHEN DEAKINS,,,II,Westmont College,,ENTERED,,Y,
5528,EVAN OTTE,,,II,Westmont College,,ENTERED,,Y,
5529,ZACHARY YATES,RHP,Grad Transfer,II,Westmont College,,ENTERED,,Y,
5540,JOSEPH PLASKETT,OF,Junior,III,Whittier College,,ENTERED,,Y,
5541,MATTHEW MT MECATE,,,III,Whittier College,,ENTERED,,Y,
5542,PARKER EASTWOOD LILLES,,,III,Whittier College,,ENTERED,,Y,
5543,ROBERT FRUTO,,,III,Whittier College,,ENTERED,,Y,
5544,WILSON SPINKS,,,III,Whittier College,,ENTERED,,Y,
5545,SEVON BATTLE,,,III,Whittier College,,ENTERED,,Y,
