fit,player,role,position,division,from_school,to_school,class_year,eligibility_remaining,height_in,weight_lb,status,ca_tie,sd_tie,socal_tie,hometown_city,hometown_state,high_school,ca_tie_reasons,hit,power,need,perf_pct,level_factor,likelihood,team,pa,ba,obp,slg,xwoba,xslg,avg_ev,decision_value,hr,ip,fip,k_bb,perceived_value,t2_stuff,inzone_whiff_pct,xwhiff_pct,priority,contact,scout_notes
77.0,Cameron Flukey,pitcher,P,,Coastal Carolina,,JR,1,78.0,210.0,ENTERED,0,0,0,Egg Harbor Township,NJ,Egg Harbor,,,,Weekend starter,0.987,0.7,8.4,Coastal Carolina,,,,,,,,,,79.2,2.44,5.47,125.6,120.5,,,,,
76.3,Carson Turnquist,pitcher,P,,Cal Poly,,JR,1,77.0,235.0,ENTERED,1,0,0,Paso Robles,CA,Paso Robles HS,hometown=CA;prev_school=CA,,,Weekend starter,0.966,0.7,19.0,Cal Poly,,,,,,,,,,2.2,23.8,1.5,112.3,118.4,,,,,
76.3,Hollis Porter,hitter,DH,I,Texas Tech,,JR,1,76.0,230.0,ENTERED,0,0,0,Hurley,MS,East Central,,57.6,69.1,,0.966,1.0,9.0,Maryland,,0.324,,,0.5,,95.4,,,,,,,,,,,,
76.1,MICAH WORLEY,pitcher,P,I,Stony Brook,,SR,1,77.0,220.0,ENTERED,0,0,0,Kirkwood,MO,Principia (Town & Country),,,,Weekend starter,0.979,1.0,9.3,Stony Brook,,,,,,,,,,66.1,,3.11,115.4,120.6,,,0.0,,
75.8,Ty Dalley,hitter,RF,I,Clemson,,SR,1,75.0,210.0,ENTERED,0,0,0,Vidalia,GA,Vidalia HS,,53.5,66.3,,0.886,1.0,11.4,Mercer,,0.265,,,0.444,,92.9,,,,,,,,,,,,
74.2,Aiden Stewart,hitter,2B,I,Indiana,,SR,1,70.0,190.0,ENTERED,0,0,0,Victor,NY,McQuaid Jesuit,,64.9,68.2,,0.877,1.0,11.7,Delaware,,0.389,,,0.466,,88.6,,,,,,,,,,,,
74.1,Nolan Straniero,pitcher,P,I,Arizona,,SR,1,74.0,200.0,ENTERED,0,0,0,Raleigh,NC,Leesville Road,,,,Weekend starter,0.855,1.0,12.4,Elon,,,,,,,,,,71.0,4.99,2.16,114.6,106.8,,,,,
74.0,Tommy Szczepanski,pitcher,P,,Michigan State,,SR,1,77.0,235.0,ENTERED,0,0,0,Bay City,MI,Garber,,,,Weekend starter,0.872,0.7,11.8,Michigan State,,,,,,,,,,9.0,5.62,1.3,102.3,110.9,,,,,
73.8,Connor Shouse,hitter,3B,,Texas Tech,,SO,2,73.0,194.0,ENTERED,0,0,0,Jasper,GA,Pickens County,,66.4,70.6,,0.916,0.7,10.5,Texas Tech,,0.364,,,0.471,,91.9,,,3.0,5.51,0.8,94.0,106.7,,,,,
73.7,Titan Kamaka,hitter,SS,I,Mercer,,SR,1,72.0,185.0,ENTERED,0,0,0,Orlando,FL,West Orange,,67.6,60.2,Everyday SS,0.918,1.0,11.7,Mercer,,0.412,,,0.417,,89.3,,,,,,,,,,,,
73.5,Tyler Minick,hitter,DH,I,Connecticut,,JR,1,72.0,196.0,ENTERED,0,0,0,Reading,PA,Governor Mifflin,,60.9,62.4,,0.933,1.0,10.0,Connecticut,,0.36,,,0.45,,92.1,,,,,,,,,,,,
73.4,Brennan Seiber,pitcher,P,,Vanderbilt,,JR,1,77.0,240.0,ENTERED,1,0,1,Newport Beach,CA,,hometown=CA;hometown=Newport Beach (SoCal),,,Weekend starter,0.841,0.7,30.8,Vanderbilt,,,,,,,,,,23.2,4.15,2.15,115.4,105.9,,,,,
73.3,RYAN JOHNSON,pitcher,P,I,Illinois,,SO,2,70.0,175.0,ENTERED,0,0,0,Carlisle,KY,Nicholas County HS,,,,Weekend starter,0.924,1.0,10.3,Eastern Kentucky,,0.0,,,0.185,,79.6,,,4.0,6.68,3.5,116.6,111.5,,,,,
73.2,Joseph Taylor,pitcher,P,I,Charlotte,,JR,1,71.0,180.0,ENTERED,0,0,0,Apex,NC,Pro 5 Baseball Academy,,,,Weekend starter,0.901,1.0,11.0,Charlotte,,,,,,,,,,57.2,4.62,1.88,101.2,114.1,,,,,
73.2,Robbie Lavey,hitter,C,,George Washington,,JR,1,72.0,215.0,ENTERED,0,0,0,Oakton,VA,Oakton,,68.2,69.1,,0.936,0.7,10.6,George Washington,,0.339,,,0.518,,93.5,,,,,,,,,,,,
73.2,Otto Espinoza,pitcher,P,,California,,FR,3,74.0,180.0,ENTERED,1,0,1,Huntington Beach,CA,Huntington Beach High School,hometown=CA;hometown=Huntington Beach (SoCal);prev_school=CA,,,Weekend starter,0.914,0.7,28.6,California,,,,,,,,,,,,,106.1,113.2,,,,,
73.0,ALEXANDER PHILPOTT,pitcher,P,I,South Carolina,,JR,1,78.0,200.0,ENTERED,0,0,0,Tampa,FL,Strawberry Crest,,,,Weekend starter,0.829,1.0,13.1,Florida,,,,,,,,,,35.2,5.25,2.69,107.6,106.4,,,,,
73.0,Collin McKinney,pitcher,P,,Arizona,,JR,1,77.0,,ENTERED,0,0,0,League City,TX,Clear Creek HS,,,,Weekend starter,0.859,0.7,12.2,Arizona,,,,,,,,,,53.0,3.57,1.76,99.8,110.8,,,,,
72.8,Luke Guth,pitcher,P,,Vanderbilt,,JR,1,73.0,188.0,ENTERED,0,0,0,Franklin,PA,,,,,Weekend starter,0.909,0.7,10.7,Vanderbilt,,,,,,,,,,19.1,2.14,3.14,108.7,111.8,,,,,
72.7,Anthony Treto,pitcher,P,,Tarleton State,,JR,1,74.0,200.0,ENTERED,0,0,0,Fort Lupton,CO,Brighton HS,,,,Weekend starter,0.941,0.7,13.0,Tarleton State,,,,,,,,,,,,,109.4,115.0,,,,,
72.6,HAYDEN SIMMERSON,pitcher,P,II,Clemson,,JR,1,74.0,205.0,ENTERED,0,0,0,Salisbury,NC,Jesse C. Carson HS,,,,Weekend starter,0.835,0.8,13.0,Clemson,,,,,,,,,,64.1,2.39,3.84,117.1,120.2,,,,,
72.2,MATTHEW SCOTT,pitcher,C,I,Lamar,,FR,3,79.0,225.0,ENTERED,0,0,0,Redding,CT,Joel Barlow,,,,,0.991,1.0,11.5,Stanford,,,,,,,,,,52.1,3.35,2.55,119.3,124.5,,,0.0,,
72.2,Ezra McNaughton,hitter,1B,,BYU,,SO,2,71.0,196.0,ENTERED,0,0,0,Mesa,AZ,Mountain View,,59.9,62.1,,0.874,0.7,11.8,BYU,,0.333,,,0.424,,92.0,,,,,,,,,,,,
72.2,Shane Brinham,pitcher,P,,Michigan,,FR,3,73.0,181.0,ENTERED,0,0,0,North Vancouver,British Columbia,Handsworth Secondary School,,,,Weekend starter,0.92,0.7,10.4,Michigan,,,,,,,,,,,,,107.1,113.5,,,,,
71.9,Isaiah Magdaleno,pitcher,P,,Hawaii,,JR,1,75.0,220.0,ENTERED,1,0,0,North Hills,CA,Crespi Carmelite HS,hometown=CA,,,Weekend starter,0.846,1.0,22.6,Hawaii,,,,,,,,,,60.0,2.61,7.0,108.7,97.9,,,,,
71.9,James Smith,hitter,DH,,Memphis,,SR,1,78.0,187.0,ENTERED,0,0,0,Olive Branch,MS,Northpoint Christian,,57.0,61.8,,0.83,0.7,13.1,Memphis,,0.301,,,0.419,,91.7,,,5.0,7.18,0.5,75.0,78.0,,,,,
71.6,Ryan Kucherak,hitter,SS,,Northwestern,,JR,1,74.0,195.0,ENTERED,0,0,0,Chandler,AZ,Hamilton,,53.5,68.3,Everyday SS,0.841,0.7,12.8,Northwestern,,0.308,,,0.388,,93.9,,,,,,,,,,,,
71.0,Graham Mastros,hitter,2B,I,Illinois State,,JR,1,75.0,210.0,ENTERED,0,0,0,Northfield,IL,New Trier,,59.0,65.6,,0.861,1.0,12.2,Illinois State,,0.382,,,0.383,,89.6,,,,,,,,,,,,
70.9,Brayden Marx,pitcher,P,I,BYU,,JR,1,72.0,187.0,ENTERED,0,0,0,Pleasant Grove,UT,Pleasant Grove,,,,Weekend starter,0.804,1.0,13.9,BYU,,,,,,,,,,29.2,5.57,0.86,98.0,107.4,,,,,
70.8,Jake Brown,hitter,P,I,Central Michigan,,JR,1,74.0,206.0,ENTERED,0,0,0,Sulphur,LA,Sulphur HS,,59.4,63.3,Weekend starter,0.891,1.0,14.5,LSU,,0.303,,,0.464,,90.4,,,14.1,7.02,0.73,91.5,100.1,,,,,
70.8,JACOB BEAN,pitcher,P,I,Louisville,,JR,1,75.0,190.0,ENTERED,0,0,0,Middlefield,OH,Middlefield,,,,Weekend starter,0.785,1.0,14.5,Louisville,,,,,,,,,,75.0,3.87,3.27,104.7,108.8,,,,,
70.7,JUDE ABBADESSA,pitcher,P,I,Tulane,,JR,1,71.0,200.0,ENTERED,0,0,0,Endicott,NY,,,,,Weekend starter,0.833,1.0,13.0,Tulane,,,,,,,,,,16.2,6.96,0.9,105.4,107.2,,,0.0,,
70.7,Sammy Cova,pitcher,P,,Utah,,JR,1,74.0,200.0,ENTERED,1,0,0,Ladera Ranch,CA,Santa Margarita Catholic HS,hometown=CA,,,Weekend starter,0.815,0.72,23.6,Utah,,,,,,,,,,39.2,2.85,3.21,88.9,87.4,,,,,
70.7,Rex Watson,hitter,RF,,Coastal Carolina,,SO,2,71.0,195.0,ENTERED,1,0,0,Manteca,CA,Manteca,hometown=CA,56.2,65.6,,0.852,0.7,22.4,Coastal Carolina,,0.3,,,0.43,,91.0,,,,,,,,,,,,
70.6,Seojun Oh,hitter,DH,,High Point,,JR,1,70.0,240.0,ENTERED,0,0,0,Anyang,South Korea,Yatap High School,,62.5,56.7,,0.876,0.7,13.7,High Point,,0.344,,,0.454,,89.8,,,,,,,,,,,,
70.5,Connor Misch,hitter,INF,I,Xavier,,SR,1,75.0,215.0,ENTERED,0,0,0,Dyer,IN,Lake Central,,61.3,59.7,,0.818,1.0,13.5,Xavier,,0.346,,,0.443,,88.9,,,,,,,,,,,,
70.5,Adam Agresti,hitter,C,,St. John's,,SO,2,75.0,235.0,ENTERED,0,0,0,Yorktown Heights,NY,Kennedy Catholic,,56.9,67.2,,0.887,0.7,11.4,St. John's,,0.284,,,0.467,,90.5,,,,,,,,,,,,
70.4,Dylan Schlaegel,hitter,CF,,Dallas Baptist,,SO,2,70.0,184.0,ENTERED,0,0,0,Mansfield,TX,Mansfield Legacy HS,,51.4,67.6,,0.865,0.7,12.1,Dallas Baptist,,0.266,,,0.4,,91.6,,,,,,,,,,,,
70.3,Max Goldberg,pitcher,P,,Pacific,,JR,1,75.0,210.0,ENTERED,0,0,0,Issaquah,WA,Issaquah High School,,,,Weekend starter,0.851,0.72,12.5,Pacific,,,,,,,,,,73.1,2.55,2.84,83.0,74.0,,,,,
70.2,Enrique Sierra,pitcher,P,I,Florida International,,JR,1,73.0,,ENTERED,0,0,0,Plantation,FL,Homeschool,,,,Weekend starter,0.823,1.0,13.3,Florida International,,,,,,,,,,,,,103.7,107.0,,,,,
69.8,ALEXANDER DUFFEY,hitter,DH,I,Kentucky,,SR,1,72.0,210.0,ENTERED,0,0,0,Bernardsville,NJ,Immaculata,,58.0,53.4,,0.71,1.0,16.7,Elon,,0.324,,,0.391,,89.3,,,,,,,,,,3.0,,
69.8,Christian Rodriguez,pitcher,P,,Florida,,SO,2,72.0,205.0,ENTERED,0,0,0,Coral Springs,FL,Marjory Stoneman Douglas,,,,Weekend starter,0.777,0.7,14.7,Cal State Fullerton,,,,,,,,,,22.2,5.25,3.0,111.5,102.7,,,,,
69.7,Kade Bing,pitcher,P,,Texas,,JR,1,73.0,195.0,ENTERED,0,0,0,West,TX,West,,,,Weekend starter,0.741,1.0,15.8,Texas,,,,,,,,,,40.0,3.7,2.56,108.5,99.4,,,,,
69.7,Joseph Jasso,pitcher,P,,Cal State Fullerton,,JR,1,75.0,200.0,ENTERED,1,0,1,South Gate,CA,South East High School,hometown=CA;hometown=South Gate (SoCal),,,Weekend starter,0.787,0.72,32.4,Cal State Fullerton,,,,,,,,,,73.0,3.37,2.2,101.3,114.4,,,,,
69.7,Joseph Lee,pitcher,P,,Samford,,SR,1,78.0,215.0,ENTERED,1,0,0,San Jose,CA,,hometown=CA,,,Weekend starter,0.811,0.7,25.0,Samford,,,,,,,,,,11.2,6.18,1.25,101.6,106.8,,,,,
69.7,Riley Fisher,pitcher,P,,Louisiana Tech,,JR,1,74.0,210.0,ENTERED,0,0,0,Brooksville,FL,Hernando High School,,,,Weekend starter,0.833,0.7,13.0,Louisiana Tech,,,,,,,,,,,,,110.2,106.1,,,,,
69.7,Aaron Parker,hitter,C,,Grand Canyon,,FR,3,69.0,170.0,ENTERED,1,0,0,Los Altos,CA,Los Altos HS,hometown=CA,59.5,69.3,,0.922,0.7,23.5,UC Santa Barbara,,0.362,,,0.433,,95.3,,,,,,,,,,,,
69.6,Adison Mattix,pitcher,P,I,Akron,,JR,1,,,ENTERED,0,0,0,,,,,,,Weekend starter,0.858,0.72,15.5,Everett CC,,,,,,,,,,56.2,2.54,2.88,0.373,,,,,,
69.5,GRANT EDWARDS,pitcher,P,I,West Georgia,,JR,1,71.0,200.0,ENTERED,0,0,0,Macon,GA,Academy Classical Education,,,,Weekend starter,0.845,1.0,14.6,New Orleans,,,,,,,,,,76.2,3.11,3.17,105.8,104.8,,,3.0,,
69.4,Sam Garewal,pitcher,P,I,Stanford,,SR,1,77.0,243.0,ENTERED,1,1,1,San Diego,CA,Canyon Crest Academy,hometown=CA;hometown=San Diego (SD County);prev_school=CA,,,Weekend starter,0.768,1.0,40.0,Stanford,,,,,,,,,,26.1,6.06,2.25,114.6,101.8,,,,,
69.4,Tyler Stone,hitter,P,,Virginia Tech,,FR,3,75.0,205.0,ENTERED,0,0,0,Scottsdale,AZ,Cheshire Academy,,53.1,63.9,Weekend starter,0.809,0.7,13.7,Nebraska,,0.294,,,0.387,,92.8,,,,,,,,,,,,
69.1,CHARLIE LARDI,pitcher,P,III,Southern Illinois,,JR,1,70.0,160.0,ENTERED,0,0,0,Galesburg,IL,Galesburg HS,,,,Weekend starter,0.855,0.58,16.8,Illinois College,,,,,,,,,,61.1,2.51,2.83,0.3745,,,,1.0,,
69.1,Mason Eckelman,hitter,C,,Ohio State,,SO,2,73.0,220.0,ENTERED,0,0,0,Broadview Heights,OH,Walsh Jesuit,,62.9,57.3,,0.81,0.7,13.7,Ohio State,,0.325,,,0.443,,88.2,,,,,,,,,,,,
69.0,Angel Laya,hitter,RF,,Oregon,,FR,3,75.0,206.0,ENTERED,1,1,1,San Diego,CA,Eastlake High School,hometown=CA;hometown=San Diego (SD County),62.0,59.1,,0.835,0.7,38.0,Oregon,,0.322,,,0.423,,89.7,,,,,,,,,,,,
69.0,Cooper Lanz,pitcher,P,,Santa Clara,,SR,1,72.0,190.0,ENTERED,1,0,0,Atwater,CA,Buhach Colony HS,hometown=CA;prev_school=CA,,,Weekend starter,0.854,0.7,22.4,Santa Clara,,,,,,,,,,36.0,6.04,1.65,106.9,108.2,,,,,
68.7,Adrian Lopez,hitter,1B,,USC,,JR,1,76.0,210.0,ENTERED,1,0,1,Baldwin Park,CA,Ganesha HS,hometown=CA;hometown=Baldwin Park (SoCal);prev_school=CA,56.8,56.7,,0.764,0.7,33.1,USC,,0.299,,,0.408,,89.2,,,,,,,,,,,,
68.6,Payton Brennan,hitter,RF,,UCLA,,JR,1,75.0,215.0,ENTERED,1,0,0,Rocklin,CA,Rocklin HS,hometown=CA;prev_school=CA,54.7,62.9,,0.761,0.7,25.2,UCLA,,0.296,,,0.385,,89.7,,,,,,,,,,,,
68.3,Cameron Johnson,pitcher,P,,Oklahoma,,JR,1,78.0,256.0,ENTERED,0,0,0,Upper Marlboro,MD,TNXL Academy,,,,Weekend starter,0.702,0.7,17.0,UNC Asheville,,0.236,,,0.358,,89.4,,,7.0,7.18,1.0,92.9,102.5,,,,,
68.0,Brandon Stone,pitcher,P,,South Carolina,,JR,1,78.0,240.0,ENTERED,0,0,0,Shawnee Mission,KS,Shawnee Mission West,,,,Weekend starter,0.694,0.7,17.2,South Carolina,,,,,,,,,,68.2,,3.11,124.5,96.9,,,,,
67.9,Augie Lopez,hitter,DH,,USC,,SO,2,73.0,185.0,ENTERED,1,0,0,Hermosa Beach,CA,Loyola HS,hometown=CA;prev_school=CA,51.9,54.8,,0.778,0.7,24.7,USC,,0.27,,,0.392,,89.7,,,,,,,,,,,,
67.8,Jack Messmore,pitcher,P,,Youngstown State,,SR,1,73.0,215.0,ENTERED,0,0,0,Niceville,FL,Niceville,,,,Weekend starter,0.78,0.7,18.4,Youngstown State,,0.5,,,0.551,,80.9,,,18.0,6.84,1.0,106.9,103.7,,,,,
67.7,Case Bosch,pitcher,P,I,Coastal Carolina,,FR,3,77.0,225.0,ENTERED,0,0,0,Grandville,MI,Jenison Innovation Academy,,,,Weekend starter,0.8,1.0,14.0,Coastal Carolina,,,,,,,,,,,,,105.8,105.1,,,,,
67.6,EVAN MCCARTHY,pitcher,INF,II,Southern Indiana,,SR,1,71.0,205.0,ENTERED,0,0,0,Saltillo,MS,Saltillo,,,,,0.778,0.8,19.1,Assumption College,,,,,,,,,,62.1,3.53,3.82,0.3235,,,,1.0,,
67.6,Lathan Haywood,pitcher,P,I,Stetson,,JR,1,72.0,200.0,ENTERED,0,0,0,Bremerton,WA,Olympic High School,,,,Weekend starter,0.793,0.72,16.1,Stetson,,,,,,,,,,73.1,3.41,2.57,101.5,99.5,,,,,
67.6,Jett Kenady,hitter,SS,,California,,FR,3,74.0,185.0,ENTERED,1,1,1,Carlsbad,CA,Silicon Valley High School,hometown=CA;hometown=Carlsbad (SD County);prev_school=CA,50.1,63.6,Everyday SS,0.761,0.7,40.2,California,,0.308,,,0.375,,89.8,,,,,,,,,,,,
67.6,Cullen Condon,pitcher,P,,Wofford,,SO,2,70.0,170.0,ENTERED,0,0,0,Manasquan,NJ,Manasquan,,,,Weekend starter,0.822,0.7,14.6,Wofford,,,,,,,,,,43.2,5.56,1.8,97.6,108.7,,,,,
67.6,Erik Rodriguez,pitcher,P,,Washington State,,JR,1,75.0,190.0,ENTERED,1,0,1,Moreno Valley,CA,Yucaipa Senior High School,hometown=CA;hometown=Moreno Valley (SoCal),,,Weekend starter,0.733,0.72,34.0,Washington State,,,,,,,,,,66.0,2.56,5.2,91.9,85.9,,,,,
67.5,Aidan Lenzen,pitcher,P,I,Florida International,,SR,1,,,ENTERED,0,0,0,,,,,,,Weekend starter,0.717,0.8,16.5,Florida Tech,,,,,,,,,,71.1,3.58,2.33,0.321,,,,,,
67.4,Matt Conte,hitter,C,,Wake Forest,,SO,2,74.0,210.0,ENTERED,0,0,0,Andover,MA,Dexter Southfield,,54.9,60.1,,0.729,0.7,16.1,Wake Forest,,0.275,,,0.394,,88.5,,,,,,,,,,,,
67.4,Bryce Hubbard,hitter,DH,,Oregon State,,SR,1,72.0,228.0,ENTERED,0,0,0,Norcross,GA,Wesleyan,,50.4,51.0,,0.693,0.7,17.2,Oregon State,,0.254,,,0.379,,89.0,,,7.1,7.81,0.75,99.0,70.0,,,,,
67.3,Will Whelan,pitcher,P,,Minnesota,,JR,1,74.0,200.0,ENTERED,0,0,0,Blaine,MN,Centennial,,,,Weekend starter,0.726,1.0,16.2,Minnesota,,,,,,,,,,40.0,4.68,1.7,109.2,111.2,,,,,
67.3,Trip Brown,pitcher,P,,The Citadel,,JR,1,74.0,200.0,ENTERED,0,0,0,Charleston,SC,,,,,Weekend starter,0.843,0.7,14.0,The Citadel,,,,,,,,,,,,,107.5,107.3,,,,,
67.3,Andrew Jones,pitcher,RF,I,Eastern Michigan,,SR,1,72.0,190.0,ENTERED,0,0,0,Midlothian,VA,Midlothian,,,,,0.761,1.0,18.4,VMI,,,,,,,,,,46.2,4.91,1.68,103.8,103.3,,,,,
67.3,Drew DeLucia,pitcher,P,,Austin Peay,,SR,1,73.0,225.0,ENTERED,0,0,0,Medway,MA,Catholic Memorial HS,,,,Weekend starter,0.75,0.8,17.4,Austin Peay,,,,,,,,,,94.2,3.51,3.32,94.3,96.5,,,,,
67.2,Colton Bower,hitter,DH,,Washington,,JR,1,72.0,210.0,ENTERED,0,0,0,Poulsbo,WA,North Kitsap,,52.2,61.9,,0.867,0.7,12.0,Washington,,0.319,,,0.376,,93.1,,,,,,,,,,,,
66.9,GARRET PLATA,pitcher,P,I,Pacific,,JR,1,72.0,215.0,ENTERED,1,0,0,San Jose,CA,King's Academy,hometown=CA,,,Weekend starter,0.76,1.0,25.2,Pacific,,,,,,,,,,76.0,,1.67,102.8,103.5,,,0.0,,
66.9,Carson Lane,pitcher,P,,UNLV,,JR,1,75.0,212.0,ENTERED,1,0,1,Huntington Beach,CA,Huntington Beach,hometown=CA;hometown=Huntington Beach (SoCal),,,Weekend starter,0.744,1.0,33.7,UNLV,,,,,,,,,,78.2,3.85,2.24,104.3,98.7,,,,,
66.8,Caleb Koskie,hitter,LF,,Indiana,,SO,2,72.0,195.0,ENTERED,0,0,0,Excelsior,MN,Benilde-St. Maragaret's,,66.3,57.9,,0.748,0.7,15.6,Indiana,,0.362,,,0.4,,90.3,,,3.1,10.68,0.75,96.0,90.0,,,,,
66.8,Evan Stratton,pitcher,P,I,Creighton,,JR,1,75.0,230.0,ENTERED,1,0,1,Redlands,CA,Redlands High School,hometown=CA;hometown=Redlands (SoCal),,,Weekend starter,0.751,0.72,33.5,Creighton,,,,,,,,,,48.0,3.09,2.0,91.4,93.6,,,,,
66.8,Bryson Goff,pitcher,P,I,New Orleans,,JR,1,76.0,205.0,ENTERED,0,0,0,Saraland,AL,Saraland,,,,Weekend starter,0.781,1.0,17.8,New Orleans,,,,,,,,,,,,,99.6,105.6,,,,,
66.7,Ryan King,pitcher,P,,CSU Bakersfield,,SO,2,69.0,181.0,ENTERED,1,0,0,Bernardsville,NJ,St. Peter's Prep,prev_school=CA,,,Weekend starter,0.74,1.0,25.8,Rhode Island,,0.361,,,0.385,,85.5,,,69.2,4.07,2.48,97.6,93.2,,,,,
66.7,Mario Trivella,hitter,SS,,Florida International,,JR,1,71.0,180.0,ENTERED,0,0,0,Parrish,FL,Sarasota High School,,55.4,68.5,Everyday SS,0.729,0.7,16.1,Florida International,,0.295,,,0.428,,92.5,,,,,,,,,,,,
66.6,ASHTON LARSON,hitter,DH,I,Texas,,JR,1,73.0,210.0,ENTERED,0,0,0,Overland Park,KS,St. Thomas Aquinas,,57.7,46.9,,0.673,1.0,17.8,LSU,,0.317,,,0.387,,87.8,,,,,,,,,,3.0,,
66.6,Jaden Noot,pitcher,P,I,LSU,,JR,1,76.0,244.0,ENTERED,1,0,0,Oak Park,CA,Sierra Canyon HS,hometown=CA,,,Weekend starter,0.874,1.0,21.8,LSU,,,,,,,,,,30.1,2.82,3.15,97.7,97.4,,,,,
66.6,Sean Carey,pitcher,P,,Sacramento State,,JR,1,74.0,180.0,ENTERED,1,0,0,Folsom,CA,Folsom HS,hometown=CA;prev_school=CA,,,Weekend starter,0.701,0.7,27.0,Sacramento State,,,,,,,,,,22.1,5.24,0.83,117.4,97.7,,,,,
66.5,Colton Coates,hitter,2B,,Louisiana Tech,,JR,1,72.0,195.0,ENTERED,0,0,0,Southaven,MS,Desoto Central,,63.4,56.5,,0.725,0.7,16.2,Louisiana Tech,,0.33,,,0.421,,89.0,,,,,,,,,,,,
66.5,KYLE MANSHIP,pitcher,P,II,Illinois State,,JR,1,74.0,180.0,ENTERED,0,0,0,Fishers,IN,Fishers,,,,Weekend starter,0.739,0.8,15.8,Illinois State,,,,,,,,,,55.0,3.54,1.94,131.0,131.0,,,0.0,,
66.5,Sean Finn,pitcher,P,I,Connecticut,,JR,1,69.0,189.0,ENTERED,0,0,0,Warrington,PA,Springside Chestnut Hill,,,,Weekend starter,0.902,1.0,10.9,Connecticut,,,,,,,,,,33.0,2.63,3.06,103.8,114.3,,,,,
66.4,Ty Brooks,pitcher,3B,I,South Alabama,,JR,1,72.0,,ENTERED,0,0,0,Milford,IN,Wawasee,,,,,0.702,1.0,16.9,South Alabama,,0.244,,,0.34,,85.8,,,76.1,,1.62,102.3,100.7,,,,,
66.3,Raul Valdivia,pitcher,P,I,Sacramento State,,JR,1,74.0,220.0,ENTERED,1,0,0,Santa Rosa,CA,,hometown=CA;prev_school=CA,,,Weekend starter,0.694,0.72,27.2,Santa Rosa (JC),,,,,,,,,,48.0,2.7,2.54,0.365,82.1158331,,,,,
66.3,Scott Newman,hitter,CF,,Georgia,,JR,1,75.0,171.0,ENTERED,0,0,0,Glenview,IL,Glenbrook South HS,,50.8,59.2,,0.648,0.7,18.6,USC Upstate,,0.291,,,0.354,,85.8,,,,,,,,,,,,
66.2,ZACHARY TODD,pitcher,P,II,Pacific,,JR,1,75.0,250.0,ENTERED,1,0,0,Manteca,CA,Manteca HS,hometown=CA,,,Weekend starter,0.741,0.8,25.8,Pacific,,,,,,,,,,13.1,5.35,1.19,105.6,101.8,,,0.0,,"Kevin Karstetter 7/1/25: really unique slider/cutter, solid arsenal overall and the command #'s are fine I think he needs to throw more first pitch mainly"
66.1,Diego Castellanos,hitter,RF,,Saint Mary's (CA),,JR,1,73.0,,ENTERED,1,0,0,Morgan Hill,CA,Live Oak HS,hometown=CA,66.3,54.8,,0.739,0.7,25.8,Saint Mary's (CA),,0.385,,,0.388,,89.5,,,,,,,,,,,,
66.0,JB LANDRUM,pitcher,P,III,New Orleans,,JR,1,72.0,205.0,ENTERED,0,0,0,Jasper,AL,,,,,Weekend starter,0.76,0.58,18.4,Huntingdon College,,,,,,,,,,76.0,3.64,2.48,0.318,,,,,,
66.0,Cole Clark,pitcher,INF,I,UC Irvine,,FR,3,70.0,175.0,ENTERED,1,0,1,Burbank,CA,Notre Dame HS,hometown=CA;hometown=Burbank (SoCal);prev_school=CA,,,,0.965,1.0,27.0,California,,,,,,,,,,25.2,5.63,1.92,112.7,118.0,,,,,
66.0,Tracen Cameron,pitcher,P,,Florida International,,SO,2,71.0,190.0,ENTERED,0,0,0,Vero Beach,FL,John Carroll Catholic,,,,Weekend starter,0.827,0.7,13.2,Florida International,,0.163,,,0.312,,88.1,,,35.2,6.29,1.85,100.9,108.1,,,,,
66.0,Jacob Imoto,pitcher,P,I,Arkansas,,SO,2,,,ENTERED,0,0,0,,,,,,,Weekend starter,0.674,0.72,17.8,Palomar (JC),,,,,,,,,,44.0,3.13,2.89,0.3435,,0.0,,,,
65.6,Douglas Crystal,pitcher,P,I,Fresno State,,JR,1,73.0,,ENTERED,1,0,1,Huntington Beach,CA,Ocean View High School,hometown=CA;hometown=Huntington Beach (SoCal);prev_school=CA,,,Weekend starter,0.859,0.72,30.2,Fresno State,,,,,,,,,,33.1,2.61,2.73,99.1,103.3,,,,,
65.6,Landon Stump,pitcher,P,,UCLA,,JR,1,75.0,212.0,ENTERED,1,0,0,Morgan Hill,CA,Live Oak HS,hometown=CA;prev_school=CA,,,Weekend starter,0.681,0.7,27.6,UCLA,,,,,,,,,,66.1,5.26,1.68,98.5,100.1,,,,,
65.6,Myles Dismute,pitcher,P,,Southern,,JR,1,,,ENTERED,0,0,0,,,,,,,Weekend starter,0.785,0.72,22.1,Long Beach (JC),,,,,,,,,,66.1,2.53,3.5,0.3735,108.4594399,0.151,,,,
65.5,Tyson Potts,pitcher,P,,Central Michigan,,SR,1,74.0,205.0,ENTERED,0,0,0,Prescott,AZ,Prescott / Wayland Baptist,,,,Weekend starter,0.713,0.66,19.8,Central Michigan,,,,,,,,,,70.1,3.9,2.97,103.7,93.0,,,,,
65.5,Preston Newberry,hitter,RF,,Incarnate Word,,JR,1,70.0,180.0,ENTERED,0,0,0,Tyler,TX,Tyler Legacy High School,,57.9,57.8,,0.747,0.7,18.8,Incarnate Word,,0.329,,,0.368,,90.6,,,,,,,,,,,,
65.4,Connor Mohan,pitcher,P,,Texas Tech,,SO,2,75.0,191.0,ENTERED,0,0,0,Burleson,TX,Burleson,,,,Weekend starter,0.69,0.7,17.3,Texas Tech,,,,,,,,,,30.2,7.51,0.94,105.2,99.0,,,,,
65.4,Randy Guzman,pitcher,P,I,Winthrop,,JR,1,72.0,185.0,ENTERED,0,0,0,Cranston,RI,,,,,Weekend starter,0.733,1.0,17.9,Winthrop,,,,,,,,,,26.0,6.14,1.38,100.3,102.6,,,,,
65.4,Douglas Bauer,pitcher,P,I,Ohio State,,JR,1,75.0,215.0,ENTERED,0,0,0,Houston,TX,,,,,Weekend starter,0.723,1.0,16.3,Ohio State,,,,,,,,,,35.0,4.72,1.67,99.0,102.4,,,,,
65.3,Mikey Cruz Jr.,hitter,DH,,Nevada,,SR,1,75.0,240.0,ENTERED,0,0,0,Reno,NV,Reno HS,,64.4,53.5,,0.75,0.7,15.5,Nevada,,0.359,,,0.396,,90.1,,,,,,,,,,,,
65.2,Joe O Regan,pitcher,P,I,CSU Bakersfield,,JR,1,76.0,227.0,ENTERED,1,0,1,Rancho Cucamonga,CA,,hometown=CA;hometown=Rancho Cucamonga (SoCal);prev_school=CA,,,Weekend starter,0.662,0.72,36.1,CSU Bakersfield,,,,,,,,,,64.0,2.38,2.67,89.0,92.0,,,,,
65.1,Mason Butash,pitcher,P,I,Penn State,,JR,1,74.0,195.0,ENTERED,0,0,0,Chantilly,VA,Freedom,,,,Weekend starter,0.696,1.0,17.1,Penn State,,,,,,,,,,36.1,5.71,1.43,88.7,102.9,,,,,
65.1,COOPER SMITH,pitcher,INF,I,Oklahoma,,JR,1,73.0,205.0,ENTERED,0,0,0,Coeur D Alene,ID,Lake City HS,,,,,0.616,0.8,19.5,Utah Tech,,0.224,,,0.434,,86.5,,,83.2,3.23,3.1,109.1,96.2,,,,,Unnamed: 19: Baseball | Unnamed: 21: Atlantic Sun Conference | Unnamed: 22: Active
65.0,Diego Menjivar,pitcher,P,I,Bradley,,SR,1,,,ENTERED,1,0,0,Benicia,CA,Benicia High School,hometown=CA,,,Weekend starter,0.755,0.72,25.3,Bradley,,,,,,,,,,35.2,3.82,2.32,99.0,122.0,,,,,
65.0,Carlos Lugo,hitter,LF,,Campbell,,FR,3,69.0,185.0,ENTERED,0,0,0,Fort Lauderdale,FL,Calvary Christian Academy,,67.1,58.4,,0.776,0.7,15.4,Campbell,,0.344,,,0.442,,89.4,,,,,,118.0,106.0,,,,,
64.9,Tyler Davis,pitcher,P,I,USC Upstate,,JR,1,74.0,200.0,ENTERED,1,0,0,Peoria,AZ,Sunrise High School,prev_school=CA,,,Weekend starter,0.993,1.0,20.1,Fresno State,,0.276,,,0.322,,86.2,,,23.2,5.21,1.94,124.1,124.2,,,,,
64.7,JACKSON LOGAR,pitcher,P,I,Mississippi State,,JR,1,72.0,215.0,ENTERED,0,0,0,Medford,NJ,Shawnee,,,,Weekend starter,0.605,1.0,19.8,James Madison,,,,,,,,,,74.0,4.64,1.76,97.6,95.7,,,,,
64.7,LANDON GRIGG,pitcher,P,I,Lamar,,SR,1,73.0,180.0,ENTERED,0,0,0,Bentonville,AR,Bentonville West HS,,,,Weekend starter,0.691,1.0,20.5,UL Monroe,,,,,,,,,,57.1,3.96,2.45,102.5,101.4,,,3.0,,
64.7,Dimond Loosli,pitcher,P,I,Penn State,,SR,1,73.0,185.0,ENTERED,1,0,0,Walnut Creek,CA,Las Lomas,hometown=CA,,,Weekend starter,0.753,1.0,25.4,Penn State,,,,,,,,,,33.0,4.0,2.31,120.2,119.9,,,,,
64.7,Ryan King,hitter,P,,CSU Bakersfield,,SO,2,69.0,181.0,ENTERED,1,0,0,Bernardsville,NJ,St. Peter's Prep,prev_school=CA,61.8,53.1,Weekend starter,0.699,0.7,27.0,Rhode Island,,0.361,,,0.385,,85.5,,,69.2,4.07,2.48,97.6,93.2,,,,,
64.6,Nick Barron,hitter,1B,,Northwestern,,FR,3,75.0,215.0,ENTERED,0,0,0,Acton,MA,IMG Academy,,56.6,53.7,,0.716,0.7,16.5,Northwestern,,0.304,,,0.391,,89.1,,,,,,,,,,,,
64.6,Isaiah Shayter,pitcher,P,,Penn State,,FR,3,74.0,190.0,ENTERED,0,0,0,Elizabethtown,PA,Elizabethtown Area,,,,Weekend starter,0.715,0.7,16.5,Penn State,,,,,,,,,,,,,100.8,101.5,,,,,
64.6,Brant Baughcum,hitter,3B,I,Mercer,,SR,1,74.0,210.0,ENTERED,0,0,0,Buford,GA,Buford,,59.0,52.2,,0.672,1.0,19.1,Mercer,,0.31,,,0.38,,87.4,,,,,,,,,,,,
64.6,Marcos Paz,pitcher,P,,LSU,,FR,3,74.0,228.0,ENTERED,0,0,0,Carrollton,TX,Hebron HS,,,,Weekend starter,0.807,0.7,13.8,LSU,,,,,,,,,,,,,93.8,108.7,,,,,
64.5,Miles Curley,hitter,DH,,New Orleans,,JR,1,73.0,215.0,ENTERED,0,0,0,Largo,FL,Calvary Christian,,55.2,60.4,,0.862,0.7,15.3,New Orleans,,0.306,,,0.42,,91.2,,,,,,,,,,,,
64.5,ANDREW EVANS,pitcher,P,I,Southern Illinois,,SR,1,77.0,225.0,ENTERED,0,0,0,Olathe,KS,Olathe West,,,,Weekend starter,0.694,1.0,21.7,Southern Illinois,,,,,,,,,,,,,116.3,97.3,,,0.0,,
64.4,EDWIN ALICEA,pitcher,P,II,USF,,JR,1,78.0,240.0,ENTERED,0,0,0,Miami,FL,Florida Christian,,,,Weekend starter,0.663,0.8,18.1,USF,,,,,,,,,,72.1,,2.14,107.4,96.8,,,3.0,Text,
64.4,RYLAND BOZENHARD,pitcher,P,I,South Alabama,,JR,1,72.0,215.0,ENTERED,0,0,0,Seminole,FL,Dixie Hollins HS,,,,Weekend starter,0.647,1.0,18.6,South Alabama,,,,,,,,,,56.2,3.94,1.58,97.3,98.5,,,,,
64.4,Dylan Richardson,pitcher,P,,South Dakota State,,JR,1,75.0,230.0,ENTERED,0,0,0,Vancouver,WA,Union High School,,,,Weekend starter,0.727,0.72,20.7,South Dakota State,,,,,,,,,,42.2,3.72,2.05,92.2,89.2,,,,,
64.3,Jackson Hulcher,pitcher,P,I,Delaware,,JR,1,75.0,190.0,ENTERED,0,0,0,Ashburn,VA,Broad Run High School,,,,Weekend starter,0.726,1.0,16.9,Delaware,,,,,,,,,,,,,103.9,101.3,,,,,
64.2,JOSHUA MARTINEZ,pitcher,P,II,UC Riverside,,JR,1,73.0,185.0,ENTERED,1,0,1,Menifee,CA,Heritage HS,hometown=CA;hometown=Menifee (SoCal);prev_school=CA,,,Weekend starter,0.636,1.0,36.9,Hawaii,,0.25,,,0.342,,85.7,,,58.0,4.3,2.11,97.5,98.7,,,0.0,,
64.2,Greg Shaw,pitcher,P,,Connecticut,,SR,1,75.0,227.0,ENTERED,0,0,0,Cornwall On Hudson,NY,Cornwall Central,,,,Weekend starter,0.647,1.0,18.6,Connecticut,,,,,,,,,,54.2,4.68,1.87,105.3,84.1,,,,,
64.2,Gavin Hawkes,pitcher,P,I,Rider,,SR,1,70.0,190.0,ENTERED,0,0,0,Yardley,PA,Pennsbury,,,,Weekend starter,0.725,1.0,21.4,Rider,,,,,,,,,,38.1,3.18,2.42,85.2,80.3,,,,,
63.9,James Wilson,pitcher,P,I,Jacksonville State,,JR,1,76.0,225.0,ENTERED,0,0,0,Toronto,Canada,,,,,Weekend starter,0.652,1.0,18.4,Jacksonville State,,,,,,,,,,47.1,5.31,1.58,85.5,82.7,,,,,
63.8,Robert Orr,hitter,SS,,Pacific,,SO,2,75.0,200.0,ENTERED,0,0,0,Vancouver,BC,St. George's School,,54.2,59.4,Everyday SS,0.711,0.7,16.7,Pacific,,0.313,,,0.379,,87.6,,,3.0,3.18,3.0,0.841,79.60011089,0.167,,,,
63.8,Bradley Stewart,pitcher,P,,Georgia,,SO,2,75.0,228.0,ENTERED,0,0,0,Fort Lauderdale,FL,Cooper City,,,,Weekend starter,0.895,0.7,11.1,Eastern Kentucky,,,,,,,,,,,,,90.3,123.8,,,,,
63.8,Landen Parker,pitcher,C,I,NJIT,,SO,2,,,ENTERED,0,0,0,,,,,,,,0.749,0.8,20.6,Northwest Nazarene University,,,,,,,,,,54.0,3.75,2.88,0.3125,,,,,,
63.7,NOAH BURROUGHS,hitter,LF,III,Delaware,,SO,2,73.0,,ENTERED,0,0,0,Millsboro,DE,Sussex Central,,53.6,70.3,,0.746,0.58,16.3,Delaware,,0.229,,,0.387,,94.1,,,,,,,,,,,,
63.7,DOMINIC LONGO,hitter,CF,I,Arizona State,,JR,1,75.0,205.0,ENTERED,0,0,0,Liberty Lake,WA,University HS,,52.2,68.2,,0.778,1.0,14.7,Arizona State,,0.24,,,0.387,,92.7,,,,,,,,,,0.0,,
63.6,"EDWIN SANCHEZ, JR.",pitcher,P,I,Coppin State,,SO,2,70.0,185.0,ENTERED,0,0,0,Chantilly,VA,Freedom,,,,Weekend starter,0.766,1.0,22.7,Siena,,0.167,,,0.303,,84.3,,,76.2,,2.18,104.5,101.0,,,,,
63.4,Jason Flores,pitcher,P,,Texas,,SO,2,73.0,240.0,ENTERED,0,0,0,Wylie,TX,Naaman Forest,,,,Weekend starter,0.754,1.0,15.4,Texas,,,,,,,,,,32.1,4.14,2.7,85.9,83.6,,,,,
63.3,Alex Ryan,hitter,INF,,UL Monroe,,JR,1,71.0,200.0,ENTERED,0,0,0,Frisco,TX,,,53.9,53.2,,0.683,0.7,17.5,Valparaiso,,0.282,,,0.377,,86.9,,,,,,,,,,,,
63.2,Jackson Thomas,pitcher,CF,,Georgetown,,SO,2,75.0,200.0,ENTERED,0,0,0,Mesa,AZ,Mountain View,,,,,0.69,1.0,17.3,Georgetown,,0.176,,,0.201,,82.4,,,71.2,4.48,1.71,109.9,98.3,,,,,
63.2,Jaren Ekkelboom,pitcher,P,,Pacific,,JR,1,70.0,190.0,ENTERED,1,0,0,Loomis,CA,Del Oro HS,hometown=CA,,,Weekend starter,0.712,0.72,26.6,Folsom Lake JC,,,,,,,,,,37.1,2.62,2.8,0.369,89.64536677,,,,,
63.2,Chris Daniels,hitter,3B,I,New Mexico State,,SO,2,74.0,210.0,ENTERED,0,0,0,Richland,WA,Richland HS,,50.0,61.5,,0.669,1.0,17.9,New Mexico State,,0.271,,,0.336,,89.4,,,16.2,9.12,0.92,77.7,84.2,,,,,
63.2,Declan Francis,pitcher,P,I,Western Kentucky,,JR,1,74.0,240.0,ENTERED,0,0,0,Lake Oswego,OR,,,,,Weekend starter,0.634,0.72,19.0,Lane CC,,,,,,,,,,43.1,2.55,3.69,0.3725,91.6660094,0.0,,,,
63.0,Mike Poncini,pitcher,P,I,Quinnipiac,,SR,1,76.0,200.0,ENTERED,0,0,0,Hebron,CT,RHAM,,,,Weekend starter,0.66,1.0,23.3,Quinnipiac,,,,,,,,,,52.0,5.79,1.32,100.7,98.2,,,,,
63.0,Brett Lanman,pitcher,P,,Abilene Christian,,JR,1,77.0,228.0,ENTERED,0,0,0,Fairview,TX,Lovejoy HS,,,,Weekend starter,0.678,1.0,20.9,Abilene Christian,,,,,,,,,,72.0,4.76,2.47,117.9,104.7,,,,,
63.0,Blagen Pado,hitter,LF,,Coastal Carolina,,JR,1,70.0,180.0,ENTERED,0,0,0,Haymarket,VA,Highland,,46.1,59.0,,0.609,0.7,19.7,Coastal Carolina,,0.186,,,0.343,,88.2,,,,,,,,,,,,
62.9,Ryan Oakes,pitcher,P,I,Cal State Northridge,,FR,3,74.0,215.0,ENTERED,1,0,0,Folsom,CA,Folsom HS,hometown=CA,,,Weekend starter,0.663,1.0,28.1,Nevada,,,,,,,,,,24.2,4.72,3.8,101.2,98.4,,,,,
62.9,Brice Cox,pitcher,P,,Southeast Missouri,,JR,1,75.0,210.0,ENTERED,1,0,0,Petaluma,CA,Casa Grande High School,hometown=CA,,,Weekend starter,0.685,0.72,31.9,Southeast Missouri,,,,,,,,,,68.0,3.02,2.21,90.0,109.0,,,,,
62.8,Thomas Burke,pitcher,P,I,Georgia Southern,,SO,2,78.0,215.0,ENTERED,0,0,0,Monroe,GA,Walnut Grove,,,,Weekend starter,0.716,1.0,16.5,Georgia Southern,,,,,,,,,,29.2,6.62,0.93,100.1,101.7,,,,,
62.8,Nick Finarelli,pitcher,P,,Long Island,,JR,1,76.0,,ENTERED,0,0,0,Hunlock Creek,PA,Lake-Lehman HS,,,,Weekend starter,0.698,1.0,23.5,Long Island,,,,,,,,,,87.0,3.78,1.83,93.3,92.0,,,,,
62.7,Riley Luft,hitter,RF,,Appalachian State,,SO,2,71.0,198.0,ENTERED,0,0,0,Boca Raton,FL,North Broward Prep,,62.6,51.0,,0.636,0.7,18.9,Appalachian State,,0.335,,,0.376,,88.4,,,,,,,,,,,,
62.6,John Gray,pitcher,P,I,Wofford,,SR,1,77.0,220.0,ENTERED,0,0,0,Wilmington,DE,Tower Hill,,,,Weekend starter,0.838,1.0,14.2,Wofford,,,,,,,,,,17.2,6.29,0.75,106.0,107.3,,,,,
62.5,Jaylen Jones,hitter,P,,UNLV,,GR,1,69.0,180.0,ENTERED,0,0,0,Loganville,GA,Loganville HS,,56.9,52.3,Weekend starter,0.571,0.7,26.9,Western Carolina,,0.304,,,0.368,,86.2,,,,,,81.7,105.7,,,,,
62.4,AJ Camp,pitcher,P,I,Charlotte,,SO,2,73.0,200.0,ENTERED,0,0,0,Stallings,NC,Combine Academy,,,,Weekend starter,0.674,1.0,17.8,Charlotte,,,,,,,,,,38.2,5.12,2.16,102.8,105.1,,,,,
62.4,Nik Copenhaver,pitcher,P,,Ohio State,,SO,2,76.0,220.0,ENTERED,0,0,0,Hamilton,OH,,,,,Weekend starter,0.805,0.7,13.8,Ohio State,,,,,,,,,,27.2,6.07,1.08,107.2,105.1,,,,,
62.3,Evan Kleinhans,pitcher,P,I,Columbia,,SR,1,76.0,195.0,ENTERED,1,0,0,Berkeley,CA,St. Mary's,hometown=CA,,,Weekend starter,0.64,1.0,33.9,Columbia,,,,,,,,,,48.2,,3.08,107.6,95.2,,,,,
62.3,Christian Martinez,pitcher,P,I,Stony Brook,,JR,1,70.0,195.0,ENTERED,0,0,0,Corpus Christi,TX,W.B. Ray HS,,,,Weekend starter,0.64,0.58,19.5,Stony Brook,,,,,,,,,,43.0,3.95,2.25,99.4,100.9,,,,,
62.3,Ryan Martinez,pitcher,INF/UTL,I,Incarnate Word,,SR,1,75.0,220.0,ENTERED,0,0,0,Las Vegas,NV,Centennial HS,,,,,0.626,1.0,22.4,Utah Tech,,,,,,,,,,83.1,4.35,3.0,98.5,86.5,,,,,
62.3,Josh Pearson,hitter,OF,I,Southern Wesleyan,,FR,3,,,ENTERED,0,0,0,,,,,49.7,56.8,,0.697,1.0,17.1,LSU,,0.241,,,0.383,,90.7,,,,,,,,,,,,
62.2,NOLAN STEVENS,pitcher,RF,I,Oklahoma,,JR,1,75.0,216.0,ENTERED,1,0,0,Elk Grove,CA,Franklin HS,hometown=CA,,,,0.953,1.0,19.4,Oklahoma,,0.235,,,0.366,,92.7,,,,,,105.2,122.5,,,2.0,,
62.2,Wesley Jones,pitcher,P,I,Charlotte,,JR,1,76.0,230.0,ENTERED,0,0,0,Charlotte,NC,Charlotte Christian,,,,Weekend starter,0.797,1.0,14.1,Charlotte,,,,,,,,,,9.0,3.51,1.71,99.3,106.6,,,,,
62.1,Brady Bickett,pitcher,P,I,Charleston Southern,,JR,1,70.0,170.0,ENTERED,0,0,0,Rapid City,SD,Stevens High School,,,,Weekend starter,0.671,1.0,19.8,Charleston Southern,,,,,,,,,,,,,79.5,102.4,,,,,
62.1,Sebastion Edwards,pitcher,P,I,Central Arkansas,,JR,1,,,ENTERED,0,0,0,,,,,,,Weekend starter,0.805,0.72,15.8,Sierra (JC),,,,,,,,,,32.0,3.27,4.86,0.3365,,,,,,
61.9,JOHN SMITH III,hitter,P,I,Texas Southern,,SO,2,73.0,200.0,ENTERED,0,0,0,Apollo Beach,FL,Lennard HS,,62.2,67.7,Weekend starter,0.72,1.0,24.1,UCF,,0.343,,,0.452,,92.4,,,,,,,,,,,,
61.9,Connor Walsh,hitter,INF,I,Eastern Michigan,,SO,2,75.0,180.0,ENTERED,0,0,0,Mattawan,MI,Mattawan,,56.3,54.8,,0.685,1.0,20.7,Pepperdine,,0.36,,,0.392,,87.3,,,,,,,,,,,,
61.9,Jason Fultz,hitter,3B,I,Clemson,,FR,3,72.0,215.0,ENTERED,0,0,0,Harborcreek,PA,P27 (S.C.) Academy,,49.3,63.7,,0.715,1.0,16.6,Clemson,,0.22,,,0.382,,91.9,,,,,,,,,,,,
61.8,Gio Colasante,hitter,1B,I,Harvard,,SR,1,77.0,225.0,ENTERED,0,0,0,New York,NY,Poly Prep Country Day,,51.2,68.1,,0.719,1.0,21.5,Harvard,,0.301,,,0.38,,93.1,,,54.1,,1.58,93.6,95.6,,,,,
61.7,Hazen Wright,pitcher,P,,New Mexico State,,SO,2,75.0,195.0,ENTERED,1,1,1,Carlsbad,NM,Carlsbad HS,hometown=Carlsbad (SD County),,,Weekend starter,0.776,0.7,39.7,New Mexico State,,,,,,,,,,22.2,4.37,1.53,105.4,103.8,,,,,
61.7,Petey Soto Jr.,hitter,SS,,Utah Tech,,FR,3,69.0,170.0,ENTERED,0,0,0,Saint George,UT,Crimson Cliffs HS,,64.1,56.3,Everyday SS,0.707,0.7,20.0,Utah Tech,,0.365,,,0.397,,87.1,,,,,,,,,,,,
61.7,NATHAN BORCHARDT,hitter,DH,II,Eastern Michigan,,JR,1,72.0,205.0,ENTERED,0,0,0,Stanley,NC,East Lincoln HS,,52.8,57.7,,0.68,0.8,20.8,Eastern Michigan,,0.252,,,0.414,,91.5,,,,,,,,,,0.0,,
61.6,Michael Catalano,pitcher,P,,Oklahoma,,SO,2,72.0,200.0,ENTERED,0,0,0,Frisco,TX,Frisco HS,,,,Weekend starter,0.815,0.7,13.5,Oklahoma,,,,,,,,,,24.0,2.72,4.0,104.4,106.3,,,,,
61.6,Felix Schelde,pitcher,P,I,Sam Houston State,,SR,1,78.0,,ENTERED,0,0,0,Seattle,WA,West Seattle HS / Central Arizona College,,,,Weekend starter,0.556,1.0,21.3,Sam Houston State,,,,,,,,,,40.0,5.08,1.29,104.1,97.2,,,,,
61.5,Joey McMannis,pitcher,P,,Oklahoma,,JR,1,,,ENTERED,0,0,0,,,,,,,Weekend starter,0.52,1.0,22.4,University of Maryland-College Park,,,,,,,,,,40.2,6.3,0.97,0.685,110.714682,0.17,,,,
61.5,Ryan Henschel,hitter,CF,I,Rhode Island,,JR,1,71.0,182.0,ENTERED,0,0,0,Northbrook,IL,Glenbrook North,,57.4,54.7,,0.666,1.0,18.7,Rhode Island,,0.292,,,0.391,,86.5,,,,,,,,,,,,
61.4,Liam Thatcher,pitcher,P,I,East Tennessee State,,JR,1,71.0,200.0,ENTERED,1,0,0,Alta Dena,CA,,hometown=CA,,,Weekend starter,0.621,0.72,30.7,Glendale JC (CA),,,,,,,,,,54.2,3.49,2.0,0.3255,84.11611458,,,,,
61.3,SEBASTIAN LIPPMAN,pitcher,P,I,FGCU,,FR,3,74.0,180.0,ENTERED,0,0,0,Plainview,NY,Plainview-Old Bethpage/JFK HS,,,,Weekend starter,0.833,1.0,14.9,FGCU,,0.1,,,0.264,,90.6,,,,,,100.2,108.7,,,,,
61.3,Jake Porter,pitcher,P,,Southern Indiana,,SR,1,72.0,190.0,ENTERED,0,0,0,Winterset,IA,Winterset,,,,Weekend starter,0.607,1.0,24.3,Southern Indiana,,,,,,,,,,50.0,4.74,2.04,93.0,100.5,,,,,
61.3,CARTER WHITE,pitcher,P,,Eastern Michigan,,JR,1,72.0,180.0,ENTERED,0,0,0,Shelby County,KY,Shelby County,,,,Weekend starter,0.633,1.0,22.2,Northwestern State,,,,,,,,,,57.2,4.06,1.67,110.7,109.3,,,,,
61.2,Luca Reyes,hitter,LF,I,Florida International,,SO,2,74.0,,ENTERED,0,0,0,Teaneck,NJ,Bergen Catholic,,44.4,67.9,,0.671,1.0,17.9,Florida International,,0.211,,,0.329,,90.8,,,,,,,,,,,,
61.2,Logan Darnell,pitcher,P,I,Mississippi Valley,,SO,2,73.0,215.0,ENTERED,0,0,0,Fenton,MO,Rockwood Summit HS,,,,Weekend starter,0.699,1.0,24.7,Mississippi Valley,,,,,,,,,,57.1,4.08,2.45,99.9,83.3,,,,,
61.2,Tobias Motley,hitter,RF,I,Rice,,JR,1,74.0,201.0,ENTERED,0,0,0,Houston,TX,Cy Ranch,,45.1,60.5,,0.661,1.0,18.2,Rice,,0.235,,,0.355,,89.9,,,,,,,,,,,,
61.2,Brayden Randle,hitter,SS,,Ole Miss,,JR,1,69.0,175.0,ENTERED,0,0,0,Rockwall,TX,Rockwall,,49.1,55.2,Everyday SS,0.576,0.7,20.7,Ole Miss,,0.244,,,0.345,,91.0,,,,,,,,,,,,
61.1,Tyree Reed,hitter,RF,I,Jackson State,,SR,1,75.0,215.0,ENTERED,1,0,0,American Canyon,CA,American Canyon HS,hometown=CA,62.3,53.5,,0.922,1.0,28.0,Jackson State,,0.373,,,0.419,,88.2,,,,,,,,,,,,
61.1,FINLEY BATES,hitter,2B,I,Tennessee,,JR,1,70.0,180.0,ENTERED,0,0,0,Castle Rock,CO,Douglas County,,61.9,49.3,,0.526,1.0,22.2,San Diego State,,0.309,,,0.384,,86.5,,,,,,,,,,0.0,,
61.1,Ty Dooley,hitter,P,I,Rice,,FR,3,70.0,185.0,ENTERED,0,0,0,Elgin,SC,Blythewood,,54.2,54.0,Weekend starter,0.635,1.0,19.0,Coastal Carolina,,0.304,,,0.373,,86.2,,,,,,,,,,,,
61.0,GABE FRASER,hitter,SS,I,Florida State,,SO,2,74.0,190.0,ENTERED,1,0,1,Huntington Beach,CA,Orange Lutheran HS,hometown=CA;hometown=Huntington Beach (SoCal),46.1,59.9,Everyday SS,0.629,1.0,37.1,Florida State,,0.311,,,0.341,,86.5,,,,,,,,,,3.0,,
61.0,DYLAN SMITH,pitcher,P,I,UNC Greensboro,,JR,1,76.0,255.0,ENTERED,0,0,0,Garner,NC,Cleveland,,,,Weekend starter,0.649,1.0,19.8,San Jose State,,,,,,,,,,79.1,,3.0,107.2,95.9,,,0.0,,
60.9,Tyler Figueroa,hitter,LF,,Wake Forest,,JR,1,69.0,175.0,ENTERED,0,0,0,Colonie,NY,Colonie Central,,57.9,49.7,,0.623,0.7,19.3,Appalachian State,,0.287,,,0.385,,85.6,,,,,,,,,,,,
60.9,John Carmichael,pitcher,P,I,Eastern Michigan,,JR,1,72.0,190.0,ENTERED,0,0,0,Destrehan,LA,Destrehan High School,,,,Weekend starter,0.623,1.0,22.5,Eastern Michigan,,,,,,,,,,72.0,,3.25,103.6,95.1,,,,,
60.8,Jayce Park,pitcher,P,I,Old Dominion,,SO,2,71.0,184.0,ENTERED,0,0,0,Philadelphia,PA,St. John Neumann Goretti,,,,Weekend starter,0.739,1.0,15.8,Old Dominion,,,,,,,,,,19.1,6.54,1.55,105.6,101.7,,,,,
60.8,Jack Garvey,pitcher,P,,New Orleans,,JR,1,74.0,200.0,ENTERED,0,0,0,Fort Myers,FL,Montverde Academy,,,,Weekend starter,0.803,0.7,17.1,New Orleans,,,,,,,,,,,,,114.4,103.8,,,,,
60.7,Cam Diaz,pitcher,P,I,Lamar,,SR,1,76.0,210.0,ENTERED,0,0,0,Lamesa,TX,Lamesa HS,,,,Weekend starter,0.583,1.0,23.7,Sam Houston State,,,,,,,,,,45.0,6.16,1.92,103.5,95.8,,,,,
60.7,Alex Cohen,pitcher,P,I,Sacramento State,,JR,1,75.0,205.0,ENTERED,1,0,0,Studio City,CA,,hometown=CA;prev_school=CA,,,Weekend starter,0.775,0.72,24.8,Los Angeles Valley College,,,,,,,,,,28.0,2.75,5.0,0.3625,,,,,,
60.6,Jackson DiLorenzo,pitcher,P,,East Carolina,,JR,1,72.0,240.0,ENTERED,0,0,0,Cortlandt Manor,NY,Walter Panas,,,,Weekend starter,0.875,0.7,11.7,East Carolina,,,,,,,,,,20.2,5.94,0.96,117.2,107.9,,,,,
60.6,Seth Edgerton,pitcher,P,I,New Mexico,,JR,1,76.0,230.0,ENTERED,0,0,0,Greer,SC,,,,,Weekend starter,0.574,0.8,20.8,Belmont Abbey College,,,,,,,,,,53.1,3.97,1.67,0.3015,104.4141006,0.08,,,,
60.6,Ben Brash,pitcher,P,,The Citadel,,JR,1,76.0,215.0,ENTERED,0,0,0,Aiken,SC,South Aiken,,,,Weekend starter,0.708,0.7,18.1,The Citadel,,,,,,,,,,33.2,5.41,0.9,95.7,102.3,,,,,
60.5,David Ladjevic,pitcher,P,,San Diego State,,JR,1,75.0,205.0,ENTERED,1,1,1,Anaheim,CA,Servite HS,hometown=CA;hometown=Anaheim (SoCal);prev_school=CA,,,Weekend starter,0.571,0.72,45.9,Long Beach State,,,,,,,,,,45.2,5.3,1.33,77.0,88.0,,,,,
60.5,Kassius Thomas,pitcher,P,,Stanford,,SR,1,74.0,207.0,ENTERED,1,0,1,Los Angeles,CA,Sierra Canyon,hometown=CA;hometown=Los Angeles (SoCal);prev_school=CA,,,Weekend starter,0.512,0.7,39.7,Stanford,,,,,,,,,,8.0,6.55,0.75,91.8,89.7,,,,,
60.3,Gio Colasante,pitcher,1B,I,Harvard,,SR,1,77.0,225.0,ENTERED,0,0,0,New York,NY,Poly Prep Country Day,,,,,0.587,1.0,25.5,Harvard,,0.301,,,0.38,,93.1,,,54.1,,1.58,93.6,95.6,,,,,
60.3,Dylan Weekly,pitcher,P,,New Mexico State,,SO,2,76.0,200.0,ENTERED,0,0,0,Queen Creek,AZ,Queen Creek HS,,,,Weekend starter,0.835,0.7,13.0,New Mexico State,,,,,,,,,,22.2,7.5,1.11,113.0,105.8,,,,,
60.2,Calvin Johnson,pitcher,OF,,Eastern Kentucky,,FR,3,68.0,150.0,ENTERED,0,0,0,Lexington,KY,,,,,,0.655,0.72,20.3,Diablo Valley (JC),,,,,,,,,,65.0,3.21,4.88,0.3395,81.70306553,,,,,
